,adventure_game,platform_game,shooting_game,action_game,puzzle_video_game,role-playing_video_game,visual_novel,dates,lang
0,64761.0,26693.0,15707.0,38300.0,15229.0,86316.0,42022.0,2019-01-01,ja
1,72888.0,27888.0,16996.0,41211.0,16069.0,92219.0,45849.0,2019-01-02,ja
2,76961.0,33108.0,17972.0,41062.0,16278.0,95387.0,49568.0,2019-01-03,ja
3,71924.0,28797.0,17888.0,44072.0,17656.0,95723.0,47905.0,2019-01-04,ja
4,76293.0,33070.0,18471.0,44549.0,18392.0,103963.0,50583.0,2019-01-05,ja
5,76916.0,30943.0,19200.0,45125.0,18345.0,107071.0,55962.0,2019-01-06,ja
6,62461.0,26523.0,16585.0,37922.0,16096.0,91018.0,47275.0,2019-01-07,ja
7,60587.0,26658.0,16080.0,35845.0,16310.0,89098.0,45646.0,2019-01-08,ja
8,54801.0,25926.0,15127.0,35701.0,28244.0,86502.0,46756.0,2019-01-09,ja
9,53357.0,31451.0,15644.0,35915.0,15700.0,86838.0,46204.0,2019-01-10,ja
10,53700.0,27113.0,16168.0,36256.0,14977.0,93275.0,43986.0,2019-01-11,ja
11,63141.0,35740.0,17559.0,42191.0,17146.0,103701.0,51873.0,2019-01-12,ja
12,69180.0,36100.0,18672.0,45646.0,17549.0,108459.0,56394.0,2019-01-13,ja
13,83602.0,32268.0,18714.0,46449.0,17384.0,109688.0,56248.0,2019-01-14,ja
14,62773.0,26850.0,16889.0,39940.0,15416.0,93663.0,46356.0,2019-01-15,ja
15,59562.0,27730.0,16583.0,41463.0,14951.0,88034.0,46085.0,2019-01-16,ja
16,56763.0,25908.0,16948.0,49033.0,14961.0,86866.0,44279.0,2019-01-17,ja
17,56400.0,26165.0,17111.0,59023.0,15098.0,88084.0,46825.0,2019-01-18,ja
18,65161.0,30786.0,20295.0,56942.0,17782.0,99646.0,51113.0,2019-01-19,ja
19,66549.0,30169.0,17886.0,58786.0,17893.0,104035.0,52347.0,2019-01-20,ja
20,55802.0,24304.0,15853.0,50183.0,16213.0,89515.0,44156.0,2019-01-21,ja
21,53215.0,24567.0,16841.0,45257.0,15517.0,89865.0,43755.0,2019-01-22,ja
22,52342.0,25150.0,16704.0,43604.0,15280.0,87019.0,43868.0,2019-01-23,ja
23,52584.0,24728.0,16009.0,41884.0,15225.0,91145.0,42494.0,2019-01-24,ja
24,53102.0,26746.0,16083.0,42038.0,15391.0,102135.0,41248.0,2019-01-25,ja
25,61470.0,33921.0,17045.0,45941.0,17056.0,107520.0,44412.0,2019-01-26,ja
26,63365.0,33518.0,17654.0,47884.0,16897.0,106833.0,48835.0,2019-01-27,ja
27,55151.0,26689.0,16578.0,40317.0,15149.0,90031.0,41891.0,2019-01-28,ja
28,53538.0,25901.0,15965.0,39698.0,15176.0,85575.0,39623.0,2019-01-29,ja
29,53715.0,29253.0,16903.0,39881.0,15704.0,84479.0,41587.0,2019-01-30,ja
30,52162.0,27873.0,16020.0,42007.0,15374.0,83399.0,40822.0,2019-01-31,ja
31,51158.0,25630.0,16274.0,39538.0,16255.0,80922.0,40009.0,2019-02-01,ja
32,60958.0,33099.0,18228.0,43404.0,16853.0,96852.0,45727.0,2019-02-02,ja
33,74621.0,31431.0,29102.0,55310.0,16968.0,102114.0,48785.0,2019-02-03,ja
34,56624.0,25426.0,17793.0,39863.0,16483.0,85161.0,41961.0,2019-02-04,ja
35,56407.0,24384.0,17038.0,39866.0,15338.0,85515.0,41284.0,2019-02-05,ja
36,54699.0,26119.0,17155.0,40744.0,16117.0,82249.0,41952.0,2019-02-06,ja
37,55649.0,24758.0,16908.0,39211.0,16594.0,79822.0,41011.0,2019-02-07,ja
38,57027.0,23860.0,17281.0,38831.0,15191.0,79985.0,40179.0,2019-02-08,ja
39,62939.0,29265.0,18638.0,42330.0,17070.0,95017.0,45255.0,2019-02-09,ja
40,64661.0,30169.0,19023.0,44251.0,18270.0,111597.0,55264.0,2019-02-10,ja
41,67642.0,29269.0,18847.0,43019.0,18041.0,114859.0,52759.0,2019-02-11,ja
42,52858.0,23364.0,16082.0,35489.0,15526.0,85057.0,41974.0,2019-02-12,ja
43,55556.0,23149.0,15322.0,34693.0,15006.0,92856.0,40981.0,2019-02-13,ja
44,94716.0,25230.0,15816.0,38931.0,21658.0,113762.0,40557.0,2019-02-14,ja
45,66505.0,25393.0,16415.0,37828.0,21097.0,89912.0,40119.0,2019-02-15,ja
46,68173.0,28374.0,18018.0,40876.0,22763.0,100132.0,46111.0,2019-02-16,ja
47,66691.0,28286.0,18278.0,40520.0,23573.0,101140.0,49294.0,2019-02-17,ja
48,56398.0,27637.0,16633.0,39455.0,23084.0,84576.0,43204.0,2019-02-18,ja
49,56671.0,23977.0,16747.0,34928.0,23905.0,84315.0,43951.0,2019-02-19,ja
50,54823.0,22971.0,15901.0,33266.0,21331.0,78719.0,41329.0,2019-02-20,ja
51,54158.0,22530.0,17745.0,33303.0,21056.0,77166.0,41705.0,2019-02-21,ja
52,55956.0,24207.0,17851.0,35018.0,18814.0,85489.0,43003.0,2019-02-22,ja
53,60714.0,28865.0,19969.0,37904.0,19980.0,97581.0,46895.0,2019-02-23,ja
54,74917.0,27092.0,34500.0,50848.0,22715.0,100520.0,50165.0,2019-02-24,ja
55,57379.0,23531.0,19759.0,34005.0,19537.0,87450.0,42791.0,2019-02-25,ja
56,53323.0,22706.0,17927.0,32841.0,18490.0,86627.0,42133.0,2019-02-26,ja
57,50978.0,21927.0,17989.0,32828.0,17581.0,93633.0,40923.0,2019-02-27,ja
58,50338.0,21640.0,17609.0,33764.0,16766.0,87849.0,49101.0,2019-02-28,ja
59,55243.0,21097.0,20596.0,36506.0,16140.0,83441.0,43784.0,2019-03-01,ja
60,59229.0,25454.0,20420.0,37336.0,19036.0,98557.0,48889.0,2019-03-02,ja
61,65875.0,26473.0,21626.0,39827.0,21269.0,101391.0,51433.0,2019-03-03,ja
62,57764.0,23078.0,19589.0,35874.0,18462.0,85101.0,45984.0,2019-03-04,ja
63,52265.0,22485.0,17341.0,35080.0,17273.0,81670.0,43942.0,2019-03-05,ja
64,53550.0,22942.0,16558.0,36465.0,17325.0,87009.0,44596.0,2019-03-06,ja
65,53881.0,22335.0,16393.0,33297.0,16849.0,79278.0,45673.0,2019-03-07,ja
66,63272.0,21121.0,17875.0,33929.0,15889.0,78831.0,43778.0,2019-03-08,ja
67,70797.0,25220.0,18347.0,37698.0,19149.0,91688.0,47536.0,2019-03-09,ja
68,74032.0,25055.0,18088.0,38314.0,19592.0,94056.0,49097.0,2019-03-10,ja
69,62010.0,22035.0,16481.0,32132.0,16850.0,78334.0,42297.0,2019-03-11,ja
70,60408.0,22499.0,16433.0,33166.0,17699.0,79600.0,42369.0,2019-03-12,ja
71,57439.0,21346.0,15250.0,34719.0,15876.0,75559.0,41971.0,2019-03-13,ja
72,52895.0,21283.0,15304.0,30863.0,14550.0,69044.0,41603.0,2019-03-14,ja
73,55093.0,20799.0,15792.0,31354.0,14184.0,70124.0,40347.0,2019-03-15,ja
74,61486.0,25260.0,16887.0,35193.0,17069.0,81655.0,46329.0,2019-03-16,ja
75,64515.0,24240.0,17592.0,35338.0,18313.0,83178.0,47203.0,2019-03-17,ja
76,52822.0,21329.0,14719.0,30247.0,15608.0,73350.0,41400.0,2019-03-18,ja
77,52852.0,21515.0,14658.0,30052.0,15195.0,73926.0,40821.0,2019-03-19,ja
78,52455.0,25160.0,15582.0,30612.0,14611.0,72479.0,39132.0,2019-03-20,ja
79,60611.0,28669.0,16212.0,33473.0,16309.0,81810.0,44837.0,2019-03-21,ja
80,50616.0,22821.0,15983.0,29904.0,14563.0,71415.0,38158.0,2019-03-22,ja
81,61172.0,28134.0,16670.0,32137.0,19887.0,87253.0,43831.0,2019-03-23,ja
82,57269.0,25440.0,16694.0,32407.0,18795.0,86563.0,45404.0,2019-03-24,ja
83,48813.0,22669.0,14909.0,29108.0,15204.0,74589.0,44773.0,2019-03-25,ja
84,48912.0,21771.0,14725.0,28704.0,15818.0,76124.0,41754.0,2019-03-26,ja
85,46162.0,21063.0,14032.0,28072.0,14095.0,70823.0,40178.0,2019-03-27,ja
86,47235.0,21610.0,14146.0,28147.0,14019.0,69139.0,40268.0,2019-03-28,ja
87,47928.0,21514.0,14937.0,28513.0,13839.0,72361.0,39873.0,2019-03-29,ja
88,63572.0,27675.0,16831.0,31907.0,17490.0,86095.0,46972.0,2019-03-30,ja
89,53349.0,24611.0,16268.0,30995.0,18008.0,79588.0,51576.0,2019-03-31,ja
90,42127.0,19454.0,15812.0,35607.0,13318.0,61885.0,43669.0,2019-04-01,ja
91,43865.0,20827.0,15761.0,29132.0,13592.0,66460.0,49580.0,2019-04-02,ja
92,43274.0,23808.0,16197.0,29404.0,13998.0,69986.0,57303.0,2019-04-03,ja
93,43703.0,22209.0,15386.0,29089.0,14290.0,76343.0,52872.0,2019-04-04,ja
94,46082.0,22106.0,17277.0,30179.0,14567.0,70091.0,49476.0,2019-04-05,ja
95,51279.0,24176.0,17844.0,32334.0,15678.0,78309.0,52430.0,2019-04-06,ja
96,52292.0,23292.0,16363.0,32260.0,16179.0,78544.0,57127.0,2019-04-07,ja
97,43999.0,20814.0,15674.0,26779.0,14724.0,68959.0,46782.0,2019-04-08,ja
98,40840.0,19485.0,14676.0,26248.0,13058.0,62582.0,43830.0,2019-04-09,ja
99,41544.0,21250.0,16086.0,26796.0,12908.0,61953.0,46187.0,2019-04-10,ja
100,41053.0,23587.0,15062.0,29049.0,12999.0,62754.0,42722.0,2019-04-11,ja
101,42902.0,21912.0,15253.0,30661.0,13112.0,64992.0,42187.0,2019-04-12,ja
102,50691.0,25664.0,16586.0,32971.0,15371.0,76576.0,48867.0,2019-04-13,ja
103,56437.0,26172.0,18770.0,35085.0,16736.0,86517.0,53462.0,2019-04-14,ja
104,42766.0,21547.0,14579.0,27755.0,13853.0,65302.0,41417.0,2019-04-15,ja
105,42766.0,20705.0,15025.0,29581.0,13652.0,62002.0,40608.0,2019-04-16,ja
106,47352.0,21600.0,16896.0,39944.0,13913.0,66567.0,42751.0,2019-04-17,ja
107,52965.0,23889.0,17994.0,35045.0,14045.0,68378.0,42525.0,2019-04-18,ja
108,49649.0,26307.0,18712.0,43288.0,14252.0,67848.0,40702.0,2019-04-19,ja
109,58278.0,27390.0,18725.0,39745.0,14183.0,79525.0,47911.0,2019-04-20,ja
110,62575.0,26817.0,18439.0,38333.0,15097.0,84487.0,50772.0,2019-04-21,ja
111,52931.0,23103.0,16149.0,32226.0,14530.0,100948.0,41500.0,2019-04-22,ja
112,50907.0,22355.0,16030.0,30605.0,14146.0,79831.0,42563.0,2019-04-23,ja
113,50360.0,29168.0,16324.0,30128.0,15828.0,78452.0,49213.0,2019-04-24,ja
114,52002.0,47795.0,15353.0,29161.0,38218.0,76327.0,44556.0,2019-04-25,ja
115,53408.0,25431.0,16641.0,29898.0,18390.0,72647.0,41854.0,2019-04-26,ja
116,65777.0,26470.0,17704.0,31683.0,16430.0,78361.0,44627.0,2019-04-27,ja
117,62568.0,25554.0,17201.0,32823.0,15147.0,79918.0,46460.0,2019-04-28,ja
118,67028.0,28149.0,17635.0,34779.0,16343.0,81530.0,48899.0,2019-04-29,ja
119,68197.0,27185.0,19027.0,37205.0,15906.0,83852.0,50164.0,2019-04-30,ja
120,67762.0,28793.0,18616.0,36450.0,15061.0,83143.0,55425.0,2019-05-01,ja
121,67197.0,28521.0,17971.0,35763.0,14988.0,83727.0,51710.0,2019-05-02,ja
122,67381.0,32515.0,17849.0,36768.0,15858.0,82937.0,50996.0,2019-05-03,ja
123,69920.0,32794.0,18829.0,37862.0,16569.0,83584.0,52814.0,2019-05-04,ja
124,77321.0,30819.0,19307.0,39409.0,17284.0,87998.0,53473.0,2019-05-05,ja
125,80589.0,29768.0,18210.0,38144.0,16125.0,88780.0,54498.0,2019-05-06,ja
126,64120.0,23543.0,15540.0,30705.0,13815.0,68502.0,43622.0,2019-05-07,ja
127,56088.0,25972.0,14809.0,29522.0,13694.0,68298.0,41915.0,2019-05-08,ja
128,53465.0,24161.0,15565.0,29613.0,13743.0,66804.0,40393.0,2019-05-09,ja
129,53614.0,24482.0,16370.0,33034.0,15501.0,92722.0,40512.0,2019-05-10,ja
130,65370.0,29110.0,17863.0,35805.0,16298.0,92794.0,47591.0,2019-05-11,ja
131,66616.0,30354.0,17884.0,35871.0,16072.0,87922.0,50573.0,2019-05-12,ja
132,55541.0,23656.0,18151.0,31894.0,15162.0,74667.0,43626.0,2019-05-13,ja
133,55956.0,24127.0,17155.0,31091.0,15070.0,73876.0,43381.0,2019-05-14,ja
134,53590.0,24576.0,15920.0,29613.0,15013.0,74781.0,42071.0,2019-05-15,ja
135,56511.0,30314.0,17055.0,34438.0,17335.0,73799.0,41915.0,2019-05-16,ja
136,57023.0,28556.0,17337.0,34131.0,15589.0,77678.0,41043.0,2019-05-17,ja
137,65126.0,30974.0,17822.0,35266.0,17628.0,84530.0,46818.0,2019-05-18,ja
138,65102.0,30630.0,19120.0,36448.0,16270.0,84695.0,49059.0,2019-05-19,ja
139,53262.0,25059.0,16846.0,31048.0,14926.0,72695.0,41586.0,2019-05-20,ja
140,53071.0,25249.0,16674.0,31681.0,14461.0,71284.0,40321.0,2019-05-21,ja
141,49637.0,26266.0,15748.0,32382.0,15506.0,67068.0,42094.0,2019-05-22,ja
142,49100.0,24879.0,15741.0,30884.0,14445.0,65321.0,41397.0,2019-05-23,ja
143,49886.0,25390.0,16049.0,30669.0,14020.0,68063.0,40093.0,2019-05-24,ja
144,62822.0,31367.0,19498.0,33751.0,14683.0,81754.0,45195.0,2019-05-25,ja
145,57604.0,28123.0,17046.0,32347.0,15096.0,77999.0,47492.0,2019-05-26,ja
146,49266.0,25354.0,15652.0,33663.0,13654.0,73612.0,46241.0,2019-05-27,ja
147,47777.0,23219.0,16071.0,29609.0,13769.0,69443.0,50843.0,2019-05-28,ja
148,48774.0,23480.0,15785.0,29228.0,14045.0,69747.0,46653.0,2019-05-29,ja
149,48984.0,25364.0,16380.0,28972.0,14552.0,64162.0,42100.0,2019-05-30,ja
150,47059.0,22908.0,17881.0,29061.0,39421.0,65054.0,42754.0,2019-05-31,ja
151,56656.0,26952.0,16860.0,34915.0,15810.0,73900.0,46706.0,2019-06-01,ja
152,61455.0,27143.0,17580.0,35432.0,16001.0,79413.0,52312.0,2019-06-02,ja
153,48401.0,23303.0,15725.0,29533.0,14747.0,72398.0,42096.0,2019-06-03,ja
154,49841.0,25349.0,19951.0,30943.0,20064.0,69268.0,42971.0,2019-06-04,ja
155,47786.0,26244.0,19401.0,29703.0,19550.0,68537.0,41696.0,2019-06-05,ja
156,46091.0,25146.0,16874.0,31088.0,17566.0,76515.0,40635.0,2019-06-06,ja
157,55167.0,27850.0,18153.0,34135.0,16519.0,84570.0,41818.0,2019-06-07,ja
158,59956.0,32007.0,18775.0,35691.0,16100.0,98924.0,46919.0,2019-06-08,ja
159,62486.0,31169.0,19026.0,35324.0,16514.0,91003.0,49508.0,2019-06-09,ja
160,54136.0,25706.0,17594.0,30886.0,14952.0,106661.0,43410.0,2019-06-10,ja
161,64098.0,50858.0,17176.0,31271.0,14885.0,145014.0,41816.0,2019-06-11,ja
162,77631.0,80285.0,25050.0,35609.0,15821.0,134794.0,43279.0,2019-06-12,ja
163,60283.0,45042.0,18420.0,30683.0,14491.0,100148.0,41136.0,2019-06-13,ja
164,57973.0,40583.0,18282.0,32314.0,13878.0,91873.0,40367.0,2019-06-14,ja
165,68180.0,46044.0,19116.0,37145.0,14962.0,107824.0,49450.0,2019-06-15,ja
166,67943.0,37742.0,17850.0,34780.0,16453.0,102853.0,48615.0,2019-06-16,ja
167,53538.0,30194.0,15782.0,30108.0,14918.0,82869.0,42735.0,2019-06-17,ja
168,51012.0,29310.0,15533.0,30818.0,18723.0,78827.0,42571.0,2019-06-18,ja
169,49326.0,29268.0,15100.0,29983.0,14919.0,83385.0,41314.0,2019-06-19,ja
170,49639.0,28785.0,16799.0,30475.0,14462.0,76586.0,42501.0,2019-06-20,ja
171,56462.0,27643.0,15686.0,34281.0,14763.0,75556.0,41361.0,2019-06-21,ja
172,60556.0,33139.0,17754.0,41566.0,15296.0,89819.0,49012.0,2019-06-22,ja
173,62186.0,39424.0,17941.0,41889.0,15435.0,91050.0,56172.0,2019-06-23,ja
174,50924.0,31078.0,15852.0,37886.0,14148.0,74106.0,44269.0,2019-06-24,ja
175,49436.0,28460.0,15661.0,37695.0,13542.0,70474.0,52712.0,2019-06-25,ja
176,49325.0,27195.0,15897.0,35993.0,14319.0,69245.0,48812.0,2019-06-26,ja
177,50830.0,28287.0,15771.0,36379.0,13973.0,68049.0,43633.0,2019-06-27,ja
178,74579.0,30216.0,15962.0,35623.0,14372.0,71880.0,43053.0,2019-06-28,ja
179,74598.0,34588.0,17044.0,39504.0,15015.0,84500.0,50084.0,2019-06-29,ja
180,73013.0,35397.0,16903.0,40557.0,14627.0,82138.0,51548.0,2019-06-30,ja
181,56655.0,28184.0,14548.0,32256.0,13256.0,68088.0,41474.0,2019-07-01,ja
182,57287.0,27476.0,14637.0,32645.0,14441.0,69470.0,47271.0,2019-07-02,ja
183,57588.0,26802.0,14657.0,30929.0,12831.0,67490.0,45640.0,2019-07-03,ja
184,58105.0,27570.0,16307.0,31504.0,13265.0,66161.0,44645.0,2019-07-04,ja
185,143944.0,29464.0,16706.0,38193.0,13286.0,69037.0,41917.0,2019-07-05,ja
186,91715.0,60775.0,17016.0,46026.0,13697.0,83240.0,48418.0,2019-07-06,ja
187,81687.0,44398.0,16287.0,45381.0,13942.0,83766.0,50939.0,2019-07-07,ja
188,61203.0,37374.0,15091.0,35975.0,14335.0,71079.0,44551.0,2019-07-08,ja
189,56723.0,31639.0,15057.0,32001.0,13809.0,69669.0,41626.0,2019-07-09,ja
190,55143.0,30804.0,14895.0,31429.0,15802.0,73095.0,40278.0,2019-07-10,ja
191,55658.0,31759.0,15058.0,33179.0,14040.0,72549.0,40805.0,2019-07-11,ja
192,77832.0,43026.0,21464.0,35391.0,14014.0,76071.0,39258.0,2019-07-12,ja
193,68570.0,45262.0,17954.0,35500.0,15087.0,81587.0,45494.0,2019-07-13,ja
194,75869.0,46937.0,18529.0,38159.0,15818.0,86058.0,49774.0,2019-07-14,ja
195,73965.0,43856.0,18171.0,38703.0,15580.0,87521.0,48957.0,2019-07-15,ja
196,58192.0,34536.0,16037.0,31851.0,14643.0,75685.0,42378.0,2019-07-16,ja
197,52458.0,31965.0,15105.0,31168.0,13928.0,71542.0,41340.0,2019-07-17,ja
198,50953.0,31327.0,14285.0,30274.0,14032.0,62990.0,46709.0,2019-07-18,ja
199,52583.0,170082.0,17645.0,37552.0,13485.0,65124.0,42394.0,2019-07-19,ja
200,54382.0,63698.0,15872.0,34985.0,14422.0,71548.0,47462.0,2019-07-20,ja
201,58964.0,51247.0,16044.0,35010.0,13749.0,73597.0,47863.0,2019-07-21,ja
202,49304.0,38126.0,15109.0,31156.0,14437.0,64220.0,41903.0,2019-07-22,ja
203,48939.0,34636.0,17435.0,31695.0,15477.0,65804.0,44005.0,2019-07-23,ja
204,48273.0,38339.0,15817.0,30256.0,13919.0,65771.0,47089.0,2019-07-24,ja
205,45956.0,31344.0,15012.0,29857.0,13282.0,65146.0,44559.0,2019-07-25,ja
206,47363.0,30470.0,15001.0,29726.0,13068.0,65208.0,43010.0,2019-07-26,ja
207,56690.0,36493.0,17513.0,34385.0,12905.0,73982.0,49091.0,2019-07-27,ja
208,57554.0,34942.0,15697.0,34034.0,13808.0,85369.0,49046.0,2019-07-28,ja
209,48969.0,30694.0,16715.0,31815.0,13646.0,75378.0,44450.0,2019-07-29,ja
210,46224.0,29235.0,17223.0,30475.0,13526.0,73715.0,44311.0,2019-07-30,ja
211,46331.0,28833.0,15744.0,30570.0,15051.0,70485.0,44857.0,2019-07-31,ja
212,44889.0,27505.0,15266.0,31792.0,15209.0,68942.0,48822.0,2019-08-01,ja
213,44587.0,29104.0,14699.0,29730.0,12726.0,80551.0,44619.0,2019-08-02,ja
214,48131.0,31663.0,15135.0,31986.0,12989.0,88859.0,47806.0,2019-08-03,ja
215,49725.0,32955.0,16891.0,31168.0,14027.0,89715.0,49407.0,2019-08-04,ja
216,44588.0,27979.0,13905.0,29544.0,15373.0,78577.0,45821.0,2019-08-05,ja
217,45535.0,31083.0,14162.0,29316.0,22131.0,75179.0,48339.0,2019-08-06,ja
218,45662.0,30248.0,14008.0,27757.0,13912.0,71821.0,49988.0,2019-08-07,ja
219,46936.0,33447.0,19073.0,30094.0,14772.0,81533.0,52811.0,2019-08-08,ja
220,46335.0,54974.0,16832.0,32257.0,13380.0,73082.0,53897.0,2019-08-09,ja
221,49219.0,63068.0,16024.0,32294.0,13420.0,77966.0,54254.0,2019-08-10,ja
222,52066.0,44275.0,15972.0,34199.0,14106.0,79215.0,52089.0,2019-08-11,ja
223,54446.0,44872.0,17171.0,33276.0,14748.0,81892.0,54370.0,2019-08-12,ja
224,53992.0,40396.0,16921.0,35892.0,14571.0,80597.0,56097.0,2019-08-13,ja
225,61173.0,45153.0,17890.0,34037.0,15166.0,82170.0,59442.0,2019-08-14,ja
226,64564.0,43058.0,19457.0,36849.0,16727.0,86765.0,61764.0,2019-08-15,ja
227,58770.0,38871.0,17339.0,35041.0,14571.0,87287.0,55338.0,2019-08-16,ja
228,58211.0,37479.0,16584.0,33698.0,14387.0,82004.0,56530.0,2019-08-17,ja
229,57127.0,35408.0,16276.0,33284.0,17335.0,94549.0,57133.0,2019-08-18,ja
230,50297.0,31399.0,15622.0,30888.0,14971.0,79210.0,49066.0,2019-08-19,ja
231,51305.0,30200.0,15654.0,30731.0,14754.0,77466.0,47394.0,2019-08-20,ja
232,60397.0,30193.0,17351.0,31435.0,14346.0,74387.0,51338.0,2019-08-21,ja
233,51631.0,30038.0,17597.0,31544.0,14032.0,70545.0,48236.0,2019-08-22,ja
234,51561.0,57311.0,18250.0,32559.0,14991.0,72224.0,48909.0,2019-08-23,ja
235,57083.0,35666.0,17726.0,34295.0,14977.0,76608.0,51230.0,2019-08-24,ja
236,60795.0,32699.0,17275.0,34717.0,15020.0,79473.0,56931.0,2019-08-25,ja
237,54339.0,29534.0,16390.0,31777.0,14973.0,70952.0,46504.0,2019-08-26,ja
238,50911.0,30421.0,15816.0,31067.0,14563.0,68503.0,47103.0,2019-08-27,ja
239,49405.0,28671.0,15647.0,32093.0,13948.0,68472.0,46671.0,2019-08-28,ja
240,62569.0,28069.0,15593.0,33326.0,13576.0,85254.0,46343.0,2019-08-29,ja
241,56490.0,27723.0,17528.0,39416.0,13780.0,75516.0,45194.0,2019-08-30,ja
242,70111.0,30896.0,16431.0,35979.0,14067.0,77817.0,47931.0,2019-08-31,ja
243,60597.0,30994.0,17129.0,37035.0,14401.0,81824.0,52863.0,2019-09-01,ja
244,54831.0,24873.0,18000.0,34258.0,13447.0,70176.0,47935.0,2019-09-02,ja
245,55331.0,24885.0,18674.0,34105.0,13484.0,103173.0,49016.0,2019-09-03,ja
246,54320.0,27215.0,16812.0,34167.0,14286.0,89824.0,48704.0,2019-09-04,ja
247,55708.0,33909.0,17171.0,33455.0,19053.0,89268.0,44808.0,2019-09-05,ja
248,61161.0,30822.0,20042.0,35608.0,16508.0,74006.0,42058.0,2019-09-06,ja
249,62609.0,34410.0,17947.0,34854.0,17303.0,81717.0,46228.0,2019-09-07,ja
250,66580.0,37050.0,17413.0,35719.0,16949.0,85447.0,49904.0,2019-09-08,ja
251,58804.0,36434.0,16600.0,31007.0,15554.0,73832.0,43998.0,2019-09-09,ja
252,53755.0,26441.0,15692.0,29888.0,15325.0,70016.0,42144.0,2019-09-10,ja
253,53591.0,25035.0,16230.0,29310.0,16953.0,70451.0,42558.0,2019-09-11,ja
254,51580.0,26107.0,16056.0,29659.0,15210.0,79191.0,64456.0,2019-09-12,ja
255,53077.0,25571.0,16412.0,30623.0,14699.0,75018.0,51231.0,2019-09-13,ja
256,58195.0,27733.0,18394.0,33009.0,16061.0,82573.0,53628.0,2019-09-14,ja
257,64580.0,29689.0,18032.0,35030.0,16869.0,88891.0,51504.0,2019-09-15,ja
258,67276.0,30990.0,18463.0,34687.0,17901.0,89872.0,59518.0,2019-09-16,ja
259,52952.0,26502.0,15917.0,29407.0,15425.0,75017.0,48364.0,2019-09-17,ja
260,54039.0,23325.0,16214.0,30617.0,15110.0,72519.0,44319.0,2019-09-18,ja
261,54212.0,25019.0,16882.0,29111.0,15482.0,71578.0,42429.0,2019-09-19,ja
262,64431.0,23485.0,16399.0,29086.0,16042.0,67765.0,39036.0,2019-09-20,ja
263,81896.0,28969.0,23272.0,39534.0,16654.0,79803.0,44683.0,2019-09-21,ja
264,82739.0,32028.0,20573.0,40492.0,18668.0,90007.0,48567.0,2019-09-22,ja
265,84642.0,34399.0,19559.0,45602.0,17989.0,90838.0,50906.0,2019-09-23,ja
266,63230.0,25022.0,16419.0,34597.0,20691.0,76786.0,42373.0,2019-09-24,ja
267,60476.0,23931.0,16176.0,31810.0,15169.0,70932.0,42063.0,2019-09-25,ja
268,56242.0,23305.0,17033.0,30972.0,14698.0,80175.0,52734.0,2019-09-26,ja
269,54868.0,23029.0,16789.0,31802.0,13941.0,81870.0,44090.0,2019-09-27,ja
270,68265.0,60987.0,17741.0,103036.0,15055.0,86187.0,51722.0,2019-09-28,ja
271,68149.0,38111.0,17927.0,55747.0,17639.0,97028.0,51752.0,2019-09-29,ja
272,52395.0,27002.0,15583.0,39579.0,14742.0,74715.0,42319.0,2019-09-30,ja
273,50346.0,25064.0,15658.0,36212.0,14555.0,71759.0,40374.0,2019-10-01,ja
274,54262.0,25012.0,16510.0,36059.0,14429.0,74654.0,42147.0,2019-10-02,ja
275,53672.0,25867.0,24781.0,37061.0,13944.0,73436.0,49848.0,2019-10-03,ja
276,113418.0,51029.0,46907.0,92117.0,14061.0,77654.0,46293.0,2019-10-04,ja
277,70563.0,48700.0,29627.0,69368.0,17455.0,82463.0,50329.0,2019-10-05,ja
278,69816.0,43154.0,25911.0,67405.0,16642.0,84975.0,50532.0,2019-10-06,ja
279,54702.0,34620.0,21026.0,49934.0,13891.0,73459.0,41231.0,2019-10-07,ja
280,53173.0,33800.0,19689.0,51484.0,14668.0,72178.0,39479.0,2019-10-08,ja
281,49340.0,29680.0,18134.0,44695.0,12946.0,69010.0,39090.0,2019-10-09,ja
282,47312.0,27284.0,19675.0,40516.0,13050.0,66531.0,38001.0,2019-10-10,ja
283,49590.0,27252.0,19977.0,42037.0,15865.0,69635.0,38193.0,2019-10-11,ja
284,70319.0,38772.0,22771.0,58247.0,16746.0,87684.0,47477.0,2019-10-12,ja
285,63149.0,34183.0,19979.0,53018.0,15015.0,91086.0,45329.0,2019-10-13,ja
286,63739.0,35514.0,20275.0,53234.0,15593.0,85571.0,47227.0,2019-10-14,ja
287,49902.0,26811.0,17119.0,39550.0,13410.0,72133.0,40161.0,2019-10-15,ja
288,47824.0,28086.0,16166.0,46219.0,12912.0,68462.0,39489.0,2019-10-16,ja
289,45512.0,25412.0,17243.0,37319.0,13044.0,66146.0,42842.0,2019-10-17,ja
290,46902.0,26302.0,18005.0,37726.0,13102.0,69775.0,41004.0,2019-10-18,ja
291,60509.0,33221.0,19371.0,48648.0,14660.0,83850.0,50594.0,2019-10-19,ja
292,56043.0,31028.0,17992.0,43552.0,15259.0,81047.0,46920.0,2019-10-20,ja
293,53974.0,30065.0,18570.0,43156.0,14639.0,79097.0,45232.0,2019-10-21,ja
294,65691.0,34879.0,19942.0,50771.0,15773.0,86734.0,76011.0,2019-10-22,ja
295,51652.0,26694.0,17451.0,38235.0,15314.0,75533.0,52346.0,2019-10-23,ja
296,49869.0,24645.0,17918.0,35698.0,13782.0,71556.0,42563.0,2019-10-24,ja
297,50804.0,25342.0,17720.0,36778.0,13696.0,69924.0,40517.0,2019-10-25,ja
298,57442.0,28861.0,17852.0,40902.0,13738.0,76253.0,45257.0,2019-10-26,ja
299,62264.0,34885.0,17528.0,40892.0,14530.0,81370.0,46535.0,2019-10-27,ja
300,53093.0,30274.0,16968.0,35822.0,13860.0,72501.0,42698.0,2019-10-28,ja
301,51270.0,26512.0,16038.0,36713.0,13870.0,72488.0,42859.0,2019-10-29,ja
302,49041.0,24984.0,15357.0,33588.0,13567.0,70249.0,39887.0,2019-10-30,ja
303,50829.0,23841.0,16075.0,31307.0,13769.0,72796.0,35855.0,2019-10-31,ja
304,50621.0,24199.0,16074.0,33457.0,14049.0,74774.0,37119.0,2019-11-01,ja
305,62831.0,33191.0,17454.0,37345.0,14598.0,89195.0,41938.0,2019-11-02,ja
306,65495.0,31292.0,17531.0,38802.0,14850.0,91485.0,46236.0,2019-11-03,ja
307,63444.0,30660.0,18031.0,45115.0,15082.0,89982.0,47497.0,2019-11-04,ja
308,49614.0,23996.0,14867.0,36237.0,14911.0,75656.0,39227.0,2019-11-05,ja
309,49569.0,23863.0,15438.0,33921.0,14276.0,71121.0,38852.0,2019-11-06,ja
310,48227.0,23076.0,16519.0,31233.0,12754.0,69749.0,38481.0,2019-11-07,ja
311,52123.0,23671.0,18946.0,33689.0,13034.0,69814.0,38745.0,2019-11-08,ja
312,57039.0,28575.0,19831.0,40548.0,15564.0,81028.0,45544.0,2019-11-09,ja
313,56724.0,28109.0,18338.0,41558.0,14540.0,83857.0,45324.0,2019-11-10,ja
314,51168.0,22859.0,16653.0,32594.0,13271.0,82955.0,39592.0,2019-11-11,ja
315,49008.0,23344.0,15831.0,30884.0,15540.0,79077.0,39571.0,2019-11-12,ja
316,49480.0,25134.0,15691.0,32065.0,14291.0,78806.0,39544.0,2019-11-13,ja
317,47423.0,23393.0,16060.0,29344.0,13073.0,80853.0,39078.0,2019-11-14,ja
318,48708.0,22850.0,18483.0,32985.0,12516.0,88435.0,35802.0,2019-11-15,ja
319,53871.0,24939.0,18738.0,35193.0,13297.0,89058.0,40889.0,2019-11-16,ja
320,52472.0,23562.0,16630.0,33268.0,13506.0,90289.0,40682.0,2019-11-17,ja
321,52361.0,22695.0,15332.0,31087.0,14480.0,84178.0,38755.0,2019-11-18,ja
322,51821.0,22730.0,16171.0,30146.0,17108.0,82315.0,38191.0,2019-11-19,ja
323,47954.0,21481.0,14577.0,28491.0,13751.0,78785.0,36216.0,2019-11-20,ja
324,46554.0,22087.0,16170.0,27602.0,13727.0,82304.0,38287.0,2019-11-21,ja
325,47365.0,20974.0,16743.0,31132.0,12963.0,77536.0,38871.0,2019-11-22,ja
326,56135.0,26942.0,18477.0,36234.0,17758.0,86042.0,42872.0,2019-11-23,ja
327,56657.0,24955.0,17996.0,35284.0,15090.0,88227.0,44038.0,2019-11-24,ja
328,47652.0,22050.0,15967.0,30392.0,13750.0,77893.0,40945.0,2019-11-25,ja
329,48112.0,22144.0,17913.0,31238.0,13545.0,74758.0,42311.0,2019-11-26,ja
330,46176.0,22522.0,16865.0,29159.0,13966.0,76997.0,44696.0,2019-11-27,ja
331,45198.0,20714.0,17087.0,29222.0,13413.0,76346.0,41904.0,2019-11-28,ja
332,49833.0,20044.0,17329.0,31473.0,12924.0,71008.0,38500.0,2019-11-29,ja
333,51048.0,22887.0,17087.0,33646.0,13239.0,75194.0,41342.0,2019-11-30,ja
334,54819.0,24029.0,17075.0,33883.0,13915.0,79340.0,45533.0,2019-12-01,ja
335,48498.0,21013.0,16542.0,33668.0,13582.0,72950.0,43019.0,2019-12-02,ja
336,47017.0,21453.0,16294.0,31136.0,14294.0,73242.0,42922.0,2019-12-03,ja
337,46725.0,21077.0,15571.0,28165.0,13112.0,68139.0,41734.0,2019-12-04,ja
338,43551.0,21438.0,17101.0,36143.0,12467.0,66822.0,37200.0,2019-12-05,ja
339,49144.0,21118.0,15947.0,30265.0,12651.0,66674.0,36878.0,2019-12-06,ja
340,53296.0,26026.0,17506.0,33526.0,13435.0,78834.0,43180.0,2019-12-07,ja
341,54925.0,25147.0,15508.0,33680.0,13864.0,77069.0,43001.0,2019-12-08,ja
342,46394.0,21900.0,15889.0,30190.0,15457.0,71554.0,37513.0,2019-12-09,ja
343,46268.0,22482.0,15060.0,30700.0,13011.0,69810.0,37414.0,2019-12-10,ja
344,45266.0,22716.0,15649.0,31164.0,13577.0,67954.0,39343.0,2019-12-11,ja
345,44607.0,21385.0,17854.0,29435.0,13545.0,67633.0,37560.0,2019-12-12,ja
346,44843.0,23862.0,16575.0,30240.0,13262.0,80801.0,38082.0,2019-12-13,ja
347,51106.0,25206.0,17736.0,33093.0,13728.0,77337.0,42141.0,2019-12-14,ja
348,49603.0,23654.0,17069.0,35021.0,15319.0,78703.0,45454.0,2019-12-15,ja
349,45554.0,22692.0,15315.0,31132.0,14572.0,71459.0,38315.0,2019-12-16,ja
350,46001.0,24351.0,17224.0,30556.0,14867.0,78125.0,40996.0,2019-12-17,ja
351,44116.0,22189.0,16128.0,27945.0,13789.0,70582.0,39976.0,2019-12-18,ja
352,42736.0,22389.0,15921.0,28509.0,13455.0,67738.0,37328.0,2019-12-19,ja
353,46915.0,23320.0,17411.0,29899.0,13676.0,71092.0,37775.0,2019-12-20,ja
354,49877.0,25577.0,17650.0,31824.0,14059.0,79745.0,43248.0,2019-12-21,ja
355,51245.0,25399.0,17253.0,33066.0,14159.0,78495.0,44282.0,2019-12-22,ja
356,45584.0,21535.0,15494.0,29714.0,13052.0,68469.0,38448.0,2019-12-23,ja
357,42510.0,20843.0,14444.0,29969.0,12437.0,66723.0,54430.0,2019-12-24,ja
358,43758.0,21054.0,14380.0,29847.0,11606.0,67378.0,44870.0,2019-12-25,ja
359,45152.0,21503.0,15916.0,27840.0,13362.0,67655.0,44127.0,2019-12-26,ja
360,44824.0,25104.0,16279.0,34134.0,13147.0,67837.0,42153.0,2019-12-27,ja
361,56474.0,24899.0,20666.0,37019.0,13277.0,71258.0,43919.0,2019-12-28,ja
362,53566.0,25987.0,17587.0,34489.0,14507.0,81223.0,44006.0,2019-12-29,ja
363,52886.0,25809.0,17754.0,37153.0,15794.0,78111.0,45024.0,2019-12-30,ja
364,48710.0,26867.0,16337.0,31693.0,13773.0,67639.0,39444.0,2019-12-31,ja
365,49759.0,27266.0,17500.0,33854.0,14405.0,72175.0,41361.0,2020-01-01,ja
366,57352.0,28455.0,18373.0,34178.0,15259.0,76577.0,44683.0,2020-01-02,ja
367,56111.0,30611.0,19454.0,36229.0,15931.0,81145.0,48113.0,2020-01-03,ja
368,61129.0,30276.0,20052.0,52736.0,16257.0,98010.0,53963.0,2020-01-04,ja
369,58363.0,28978.0,18006.0,40563.0,16162.0,101401.0,52156.0,2020-01-05,ja
370,49382.0,24756.0,16365.0,34459.0,15956.0,79752.0,44718.0,2020-01-06,ja
371,49007.0,24657.0,16843.0,33342.0,15393.0,78919.0,46586.0,2020-01-07,ja
372,51048.0,25037.0,16806.0,31067.0,14035.0,76495.0,41695.0,2020-01-08,ja
373,51180.0,23613.0,17571.0,32055.0,14238.0,78109.0,41577.0,2020-01-09,ja
374,50853.0,24745.0,17848.0,33151.0,14802.0,76797.0,41346.0,2020-01-10,ja
375,63028.0,28941.0,18877.0,36991.0,16156.0,93093.0,47396.0,2020-01-11,ja
376,62085.0,29483.0,23891.0,38926.0,15838.0,96596.0,48844.0,2020-01-12,ja
377,63347.0,28978.0,22035.0,38160.0,15861.0,92334.0,49385.0,2020-01-13,ja
378,53443.0,24993.0,17093.0,33229.0,14842.0,81262.0,41063.0,2020-01-14,ja
379,51308.0,23918.0,16440.0,32085.0,14846.0,88179.0,39281.0,2020-01-15,ja
380,51625.0,25130.0,16748.0,32427.0,14899.0,87204.0,38030.0,2020-01-16,ja
381,50881.0,23831.0,17130.0,33046.0,14348.0,87219.0,37902.0,2020-01-17,ja
382,61206.0,28989.0,19440.0,38326.0,15501.0,105417.0,43533.0,2020-01-18,ja
383,63307.0,27823.0,18591.0,37988.0,18731.0,112855.0,48013.0,2020-01-19,ja
384,53667.0,23002.0,16520.0,35017.0,15825.0,94407.0,41555.0,2020-01-20,ja
385,55029.0,24208.0,16759.0,34262.0,14825.0,90935.0,40531.0,2020-01-21,ja
386,55347.0,25511.0,16270.0,33018.0,13946.0,87843.0,42263.0,2020-01-22,ja
387,53083.0,23328.0,15835.0,31624.0,14446.0,85021.0,38829.0,2020-01-23,ja
388,53072.0,22643.0,16585.0,32802.0,14805.0,81527.0,38760.0,2020-01-24,ja
389,61201.0,26991.0,19210.0,37323.0,15464.0,94696.0,44203.0,2020-01-25,ja
390,64618.0,27446.0,18105.0,36793.0,15434.0,106609.0,49759.0,2020-01-26,ja
391,57843.0,22263.0,18423.0,32288.0,14621.0,91034.0,44727.0,2020-01-27,ja
392,55856.0,24126.0,17103.0,34693.0,15432.0,87459.0,41475.0,2020-01-28,ja
393,51904.0,23950.0,15640.0,32912.0,15790.0,78736.0,47417.0,2020-01-29,ja
394,50688.0,22992.0,15865.0,32263.0,14313.0,77157.0,42802.0,2020-01-30,ja
395,51535.0,22626.0,17917.0,32397.0,14715.0,84199.0,41541.0,2020-01-31,ja
396,58285.0,29880.0,18580.0,37361.0,14960.0,96089.0,45334.0,2020-02-01,ja
397,60993.0,28805.0,17419.0,37589.0,15534.0,94411.0,47266.0,2020-02-02,ja
398,51784.0,22175.0,15615.0,31511.0,14347.0,79910.0,40805.0,2020-02-03,ja
399,50866.0,22640.0,16171.0,31522.0,14648.0,74040.0,40341.0,2020-02-04,ja
400,50050.0,22226.0,16160.0,32269.0,13686.0,77262.0,40368.0,2020-02-05,ja
401,48639.0,21549.0,15305.0,30947.0,13626.0,76072.0,38034.0,2020-02-06,ja
402,50059.0,22119.0,16061.0,32732.0,13420.0,78386.0,48339.0,2020-02-07,ja
403,57230.0,26176.0,17633.0,36007.0,14668.0,89179.0,45123.0,2020-02-08,ja
404,60764.0,26148.0,17746.0,40247.0,14732.0,92956.0,47138.0,2020-02-09,ja
405,54700.0,24067.0,16560.0,37591.0,13655.0,85144.0,43148.0,2020-02-10,ja
406,58907.0,26701.0,16632.0,37132.0,14354.0,97612.0,50899.0,2020-02-11,ja
407,50752.0,22861.0,16600.0,31865.0,14436.0,77226.0,42148.0,2020-02-12,ja
408,47888.0,22534.0,15790.0,31360.0,14005.0,73843.0,43692.0,2020-02-13,ja
409,47262.0,24409.0,16374.0,32459.0,14665.0,76511.0,43096.0,2020-02-14,ja
410,54987.0,27535.0,18177.0,37794.0,14456.0,90515.0,44714.0,2020-02-15,ja
411,86439.0,28883.0,28483.0,41845.0,15261.0,96001.0,48184.0,2020-02-16,ja
412,52091.0,23958.0,17119.0,33175.0,15235.0,75293.0,39871.0,2020-02-17,ja
413,48581.0,21843.0,16976.0,30973.0,13894.0,72769.0,38461.0,2020-02-18,ja
414,47387.0,21570.0,16959.0,31534.0,13147.0,74765.0,39456.0,2020-02-19,ja
415,49717.0,28528.0,16664.0,35577.0,13424.0,74823.0,38776.0,2020-02-20,ja
416,48961.0,26245.0,16479.0,33860.0,13877.0,71464.0,37526.0,2020-02-21,ja
417,55401.0,28579.0,19016.0,39905.0,14480.0,84114.0,42786.0,2020-02-22,ja
418,69699.0,28922.0,22818.0,41908.0,14354.0,89581.0,44672.0,2020-02-23,ja
419,63507.0,27458.0,19319.0,40249.0,14130.0,90674.0,47385.0,2020-02-24,ja
420,50725.0,22647.0,15935.0,33443.0,13768.0,76639.0,41251.0,2020-02-25,ja
421,49525.0,22466.0,16154.0,33371.0,13040.0,77482.0,37641.0,2020-02-26,ja
422,48853.0,22021.0,16398.0,31567.0,12904.0,71507.0,35509.0,2020-02-27,ja
423,46061.0,77357.0,15815.0,32027.0,12260.0,71227.0,36268.0,2020-02-28,ja
424,59967.0,40076.0,21421.0,46575.0,13414.0,144636.0,43515.0,2020-02-29,ja
425,74582.0,31669.0,23189.0,41167.0,14015.0,126187.0,45215.0,2020-03-01,ja
426,53230.0,25218.0,17751.0,35007.0,12821.0,103275.0,40874.0,2020-03-02,ja
427,53149.0,25626.0,16470.0,40953.0,14470.0,102150.0,39846.0,2020-03-03,ja
428,56217.0,28192.0,17565.0,37111.0,15267.0,98932.0,42977.0,2020-03-04,ja
429,54959.0,26219.0,19754.0,35581.0,13824.0,93817.0,45058.0,2020-03-05,ja
430,56363.0,27557.0,19722.0,36942.0,15166.0,90942.0,45672.0,2020-03-06,ja
431,70576.0,36042.0,21288.0,43006.0,16420.0,108152.0,52848.0,2020-03-07,ja
432,69396.0,36070.0,20438.0,44619.0,16432.0,113571.0,50067.0,2020-03-08,ja
433,56341.0,27597.0,17379.0,37296.0,14446.0,89821.0,43498.0,2020-03-09,ja
434,56710.0,28792.0,17276.0,36964.0,15495.0,89387.0,44235.0,2020-03-10,ja
435,56957.0,27117.0,20862.0,36740.0,15319.0,88735.0,43738.0,2020-03-11,ja
436,52605.0,28055.0,18223.0,34045.0,14715.0,89783.0,41078.0,2020-03-12,ja
437,54575.0,52909.0,18881.0,33939.0,14933.0,87301.0,42380.0,2020-03-13,ja
438,62861.0,40175.0,21732.0,41092.0,17186.0,105981.0,54978.0,2020-03-14,ja
439,61385.0,34067.0,19018.0,41130.0,21494.0,109681.0,55135.0,2020-03-15,ja
440,51439.0,27355.0,17056.0,34389.0,15201.0,94745.0,45496.0,2020-03-16,ja
441,51902.0,25926.0,16729.0,33319.0,16932.0,93592.0,47419.0,2020-03-17,ja
442,51545.0,25676.0,16607.0,36208.0,14100.0,92852.0,43011.0,2020-03-18,ja
443,56235.0,30080.0,19665.0,39039.0,15871.0,96697.0,50555.0,2020-03-19,ja
444,64047.0,31330.0,21557.0,42657.0,15169.0,100909.0,49010.0,2020-03-20,ja
445,70132.0,31757.0,23140.0,44101.0,14532.0,105753.0,50010.0,2020-03-21,ja
446,67179.0,33964.0,20610.0,43806.0,14920.0,103301.0,49551.0,2020-03-22,ja
447,53486.0,25184.0,17423.0,35553.0,12931.0,85832.0,45510.0,2020-03-23,ja
448,58025.0,24738.0,16630.0,34111.0,13026.0,80130.0,45832.0,2020-03-24,ja
449,51677.0,23266.0,15912.0,33699.0,12460.0,80323.0,41613.0,2020-03-25,ja
450,49081.0,22726.0,16536.0,32380.0,13619.0,80668.0,41694.0,2020-03-26,ja
451,52403.0,26011.0,17680.0,42632.0,14398.0,89719.0,42189.0,2020-03-27,ja
452,67131.0,30690.0,20474.0,44539.0,15528.0,110262.0,47399.0,2020-03-28,ja
453,68475.0,32198.0,21560.0,45396.0,18019.0,171026.0,50876.0,2020-03-29,ja
454,50121.0,29727.0,15069.0,32852.0,12045.0,88675.0,42442.0,2020-03-30,ja
455,48851.0,27177.0,15458.0,32241.0,12364.0,82738.0,40305.0,2020-03-31,ja
456,51595.0,25759.0,15413.0,39744.0,12565.0,86409.0,39603.0,2020-04-01,ja
457,52792.0,25338.0,15208.0,31483.0,14318.0,83113.0,41465.0,2020-04-02,ja
458,55248.0,26599.0,17433.0,33489.0,13825.0,84254.0,42737.0,2020-04-03,ja
459,69188.0,31190.0,19623.0,43124.0,15222.0,105056.0,50934.0,2020-04-04,ja
460,74992.0,38068.0,20062.0,42985.0,16211.0,113998.0,51233.0,2020-04-05,ja
461,54435.0,24125.0,15918.0,35624.0,13181.0,98493.0,41139.0,2020-04-06,ja
462,57932.0,24747.0,16059.0,32283.0,12975.0,98811.0,39856.0,2020-04-07,ja
463,58253.0,25908.0,18438.0,34797.0,14619.0,104292.0,41542.0,2020-04-08,ja
464,61430.0,26606.0,17966.0,33734.0,15146.0,116494.0,41352.0,2020-04-09,ja
465,61773.0,28271.0,22291.0,36592.0,16881.0,176302.0,42845.0,2020-04-10,ja
466,80571.0,35059.0,27223.0,44795.0,18353.0,191441.0,49420.0,2020-04-11,ja
467,96917.0,34909.0,26498.0,46680.0,18651.0,201484.0,50938.0,2020-04-12,ja
468,70803.0,28541.0,21051.0,37146.0,19453.0,168107.0,45267.0,2020-04-13,ja
469,64259.0,27766.0,19758.0,40218.0,15760.0,154460.0,44738.0,2020-04-14,ja
470,75026.0,29010.0,19669.0,42436.0,16240.0,138495.0,44395.0,2020-04-15,ja
471,81308.0,33821.0,21017.0,43079.0,15821.0,150521.0,56475.0,2020-04-16,ja
472,82405.0,34381.0,21950.0,49297.0,17063.0,144049.0,53205.0,2020-04-17,ja
473,102344.0,42598.0,25892.0,55035.0,19101.0,166680.0,61952.0,2020-04-18,ja
474,94065.0,41002.0,23954.0,50613.0,18170.0,163367.0,57361.0,2020-04-19,ja
475,75269.0,33856.0,20906.0,50116.0,18231.0,143481.0,51887.0,2020-04-20,ja
476,72825.0,34048.0,20452.0,66313.0,19786.0,140936.0,52208.0,2020-04-21,ja
477,72215.0,33344.0,20960.0,62803.0,18049.0,141641.0,53424.0,2020-04-22,ja
478,66964.0,30747.0,23962.0,54950.0,17669.0,127497.0,50824.0,2020-04-23,ja
479,72159.0,35461.0,24730.0,58090.0,17689.0,145366.0,54220.0,2020-04-24,ja
480,88097.0,38512.0,28590.0,84217.0,20698.0,169923.0,64114.0,2020-04-25,ja
481,91213.0,42265.0,30099.0,73950.0,20651.0,164170.0,60621.0,2020-04-26,ja
482,75093.0,33908.0,25303.0,61193.0,20601.0,139303.0,60892.0,2020-04-27,ja
483,82507.0,34572.0,27759.0,59772.0,19120.0,138399.0,57753.0,2020-04-28,ja
484,97783.0,38849.0,28637.0,62372.0,21062.0,143470.0,58919.0,2020-04-29,ja
485,77841.0,31263.0,25357.0,49868.0,18012.0,127958.0,52984.0,2020-04-30,ja
486,80777.0,36238.0,24976.0,52577.0,20977.0,134973.0,57778.0,2020-05-01,ja
487,93067.0,44380.0,27329.0,67470.0,20129.0,139977.0,61721.0,2020-05-02,ja
488,104212.0,41280.0,28683.0,77379.0,24519.0,153055.0,66304.0,2020-05-03,ja
489,115744.0,41853.0,46049.0,66163.0,23609.0,159786.0,69671.0,2020-05-04,ja
490,104476.0,43497.0,31993.0,64598.0,24805.0,174797.0,72431.0,2020-05-05,ja
491,116510.0,46041.0,32266.0,67916.0,23930.0,170560.0,76067.0,2020-05-06,ja
492,85513.0,36057.0,24782.0,51866.0,19950.0,145054.0,59414.0,2020-05-07,ja
493,83672.0,70366.0,25005.0,50908.0,20421.0,133175.0,58841.0,2020-05-08,ja
494,100608.0,51668.0,39929.0,68687.0,22493.0,146402.0,64605.0,2020-05-09,ja
495,98796.0,46469.0,30069.0,64181.0,22800.0,149078.0,66716.0,2020-05-10,ja
496,75258.0,34284.0,24244.0,48661.0,19427.0,124944.0,56758.0,2020-05-11,ja
497,75495.0,33833.0,23400.0,47319.0,19520.0,123467.0,57957.0,2020-05-12,ja
498,76044.0,32840.0,21918.0,44330.0,19247.0,114012.0,54327.0,2020-05-13,ja
499,79913.0,40280.0,23813.0,44284.0,19749.0,128492.0,53524.0,2020-05-14,ja
500,93957.0,39514.0,23167.0,50100.0,22000.0,124397.0,54716.0,2020-05-15,ja
501,103563.0,45087.0,29624.0,79053.0,25464.0,141112.0,63067.0,2020-05-16,ja
502,94251.0,41148.0,26171.0,64509.0,22541.0,134451.0,61445.0,2020-05-17,ja
503,81934.0,35571.0,23077.0,48709.0,20451.0,118586.0,59076.0,2020-05-18,ja
504,78633.0,32899.0,22306.0,44810.0,19322.0,116923.0,56177.0,2020-05-19,ja
505,76290.0,31756.0,21390.0,42303.0,22521.0,111960.0,51348.0,2020-05-20,ja
506,75789.0,32537.0,22155.0,44492.0,22044.0,107721.0,51354.0,2020-05-21,ja
507,77591.0,32946.0,24051.0,44426.0,21263.0,114951.0,53693.0,2020-05-22,ja
508,93325.0,37536.0,28742.0,73990.0,23086.0,125942.0,60527.0,2020-05-23,ja
509,86399.0,36467.0,25746.0,57254.0,23644.0,129414.0,59679.0,2020-05-24,ja
510,71644.0,30450.0,22047.0,43622.0,20481.0,107906.0,50466.0,2020-05-25,ja
511,71447.0,32090.0,21357.0,42995.0,21019.0,106925.0,51345.0,2020-05-26,ja
512,73610.0,30079.0,21424.0,39817.0,20602.0,116027.0,54867.0,2020-05-27,ja
513,73433.0,31650.0,20806.0,40922.0,22215.0,113017.0,53587.0,2020-05-28,ja
514,66932.0,29254.0,20858.0,40397.0,22391.0,104618.0,51446.0,2020-05-29,ja
515,78430.0,34908.0,23042.0,58449.0,23176.0,112148.0,60695.0,2020-05-30,ja
516,80093.0,36555.0,23497.0,54696.0,22752.0,118519.0,57984.0,2020-05-31,ja
517,65728.0,28215.0,19736.0,41848.0,18428.0,92974.0,48132.0,2020-06-01,ja
518,63563.0,28667.0,18929.0,38336.0,17930.0,92306.0,49478.0,2020-06-02,ja
519,64185.0,28974.0,19586.0,37631.0,18758.0,95099.0,50395.0,2020-06-03,ja
520,62047.0,27531.0,19493.0,37347.0,19234.0,89199.0,50510.0,2020-06-04,ja
521,65052.0,29298.0,19960.0,41646.0,21254.0,91088.0,55305.0,2020-06-05,ja
522,77977.0,36126.0,22898.0,47084.0,23753.0,105502.0,60851.0,2020-06-06,ja
523,75496.0,40949.0,22533.0,45793.0,27472.0,109644.0,60491.0,2020-06-07,ja
524,61383.0,28904.0,19106.0,44182.0,20445.0,89598.0,49603.0,2020-06-08,ja
525,59421.0,26220.0,19306.0,39546.0,18809.0,90392.0,48426.0,2020-06-09,ja
526,59110.0,26950.0,19256.0,36463.0,18174.0,88223.0,48754.0,2020-06-10,ja
527,65509.0,30446.0,19708.0,37588.0,19204.0,88392.0,47552.0,2020-06-11,ja
528,77966.0,34920.0,21545.0,42578.0,18174.0,88984.0,51062.0,2020-06-12,ja
529,87935.0,42744.0,24475.0,51268.0,22003.0,106818.0,58146.0,2020-06-13,ja
530,83978.0,37755.0,22507.0,49715.0,23107.0,114046.0,55998.0,2020-06-14,ja
531,65589.0,27598.0,19866.0,44525.0,18261.0,89450.0,51723.0,2020-06-15,ja
532,64180.0,26365.0,19554.0,41134.0,18712.0,93936.0,49252.0,2020-06-16,ja
533,62840.0,28524.0,20055.0,39553.0,17515.0,93190.0,46751.0,2020-06-17,ja
534,72468.0,26847.0,19958.0,43087.0,17135.0,87396.0,45235.0,2020-06-18,ja
535,103088.0,29041.0,20199.0,55560.0,16402.0,95234.0,47080.0,2020-06-19,ja
536,108456.0,34728.0,21553.0,56949.0,16553.0,93979.0,52670.0,2020-06-20,ja
537,135796.0,32788.0,29667.0,59279.0,21022.0,96697.0,52398.0,2020-06-21,ja
538,93763.0,31281.0,20024.0,52706.0,16919.0,87928.0,46887.0,2020-06-22,ja
539,79990.0,30668.0,17744.0,49726.0,15991.0,82734.0,46638.0,2020-06-23,ja
540,73808.0,27733.0,18788.0,46005.0,16024.0,82335.0,47720.0,2020-06-24,ja
541,71302.0,28130.0,18370.0,43490.0,18277.0,89345.0,47156.0,2020-06-25,ja
542,76441.0,29913.0,20174.0,44789.0,18139.0,90535.0,49649.0,2020-06-26,ja
543,92238.0,34677.0,22922.0,54866.0,19136.0,92938.0,52913.0,2020-06-27,ja
544,106335.0,36726.0,25698.0,64860.0,18463.0,99296.0,54155.0,2020-06-28,ja
545,75910.0,31508.0,20177.0,50869.0,16186.0,88531.0,53145.0,2020-06-29,ja
546,67350.0,27573.0,18142.0,46181.0,16209.0,82940.0,45223.0,2020-06-30,ja
547,70216.0,25414.0,16910.0,47919.0,15613.0,75828.0,42552.0,2020-07-01,ja
548,66351.0,25237.0,20775.0,44695.0,15656.0,74519.0,44435.0,2020-07-02,ja
549,70613.0,28768.0,22644.0,45467.0,15729.0,79746.0,50190.0,2020-07-03,ja
550,88651.0,42701.0,24476.0,60254.0,18677.0,98312.0,53978.0,2020-07-04,ja
551,91780.0,34063.0,24200.0,62076.0,19817.0,95801.0,53579.0,2020-07-05,ja
552,66974.0,28988.0,18977.0,50065.0,17131.0,81533.0,48007.0,2020-07-06,ja
553,65709.0,28593.0,18565.0,44941.0,16465.0,81968.0,48074.0,2020-07-07,ja
554,67144.0,31328.0,19934.0,45957.0,17488.0,90664.0,46117.0,2020-07-08,ja
555,61553.0,29157.0,17925.0,42786.0,16542.0,78179.0,51176.0,2020-07-09,ja
556,67800.0,28607.0,19600.0,45061.0,16007.0,76690.0,51717.0,2020-07-10,ja
557,72763.0,35128.0,22377.0,52475.0,18248.0,88265.0,51955.0,2020-07-11,ja
558,73941.0,34881.0,20615.0,52030.0,19749.0,93706.0,53649.0,2020-07-12,ja
559,96596.0,28566.0,20135.0,45646.0,17413.0,80472.0,50407.0,2020-07-13,ja
560,70873.0,27316.0,17994.0,42151.0,16765.0,77935.0,47535.0,2020-07-14,ja
561,66241.0,29687.0,18843.0,40782.0,16994.0,82772.0,45383.0,2020-07-15,ja
562,69408.0,27129.0,17312.0,39171.0,16924.0,85418.0,45548.0,2020-07-16,ja
563,102817.0,28810.0,18210.0,40741.0,16722.0,85654.0,46246.0,2020-07-17,ja
564,105095.0,38732.0,18753.0,47818.0,17675.0,89956.0,48924.0,2020-07-18,ja
565,100074.0,33197.0,18792.0,44595.0,17847.0,93994.0,48679.0,2020-07-19,ja
566,101235.0,30052.0,17207.0,38908.0,16559.0,125939.0,44197.0,2020-07-20,ja
567,78675.0,37550.0,17645.0,37677.0,26980.0,118593.0,43373.0,2020-07-21,ja
568,75869.0,27484.0,17200.0,37701.0,16289.0,93048.0,44171.0,2020-07-22,ja
569,97641.0,34513.0,21431.0,47920.0,18372.0,114437.0,53374.0,2020-07-23,ja
570,259116.0,37526.0,73176.0,53558.0,18128.0,115623.0,62826.0,2020-07-24,ja
571,162757.0,37667.0,41981.0,54948.0,17971.0,113840.0,57043.0,2020-07-25,ja
572,124383.0,38326.0,29396.0,49831.0,17895.0,104836.0,54210.0,2020-07-26,ja
573,88935.0,29347.0,20962.0,43127.0,15812.0,89674.0,47913.0,2020-07-27,ja
574,83191.0,28559.0,21391.0,38602.0,20256.0,88817.0,48414.0,2020-07-28,ja
575,78192.0,27132.0,19224.0,37834.0,16561.0,85643.0,46840.0,2020-07-29,ja
576,69414.0,26602.0,17853.0,36823.0,16781.0,80526.0,43163.0,2020-07-30,ja
577,67011.0,25219.0,18173.0,35249.0,15355.0,81421.0,43617.0,2020-07-31,ja
578,81855.0,31593.0,19691.0,43634.0,17474.0,89321.0,48298.0,2020-08-01,ja
579,83398.0,33804.0,21055.0,43811.0,18251.0,92682.0,51802.0,2020-08-02,ja
580,69413.0,27585.0,18365.0,36949.0,15936.0,80190.0,45351.0,2020-08-03,ja
581,67399.0,27357.0,18427.0,35885.0,15280.0,81740.0,44768.0,2020-08-04,ja
582,63148.0,25889.0,18306.0,34632.0,15581.0,78849.0,42676.0,2020-08-05,ja
583,64998.0,27517.0,19311.0,34973.0,16656.0,84371.0,43387.0,2020-08-06,ja
584,68069.0,28557.0,22254.0,39756.0,16030.0,81474.0,44429.0,2020-08-07,ja
585,77141.0,32730.0,21326.0,46421.0,16585.0,91296.0,48243.0,2020-08-08,ja
586,82278.0,38992.0,24429.0,57391.0,23952.0,92883.0,51465.0,2020-08-09,ja
587,79037.0,35859.0,21037.0,45121.0,21096.0,98613.0,52808.0,2020-08-10,ja
588,69074.0,30262.0,18493.0,39490.0,17224.0,86235.0,46073.0,2020-08-11,ja
589,72370.0,30513.0,19557.0,39104.0,18242.0,89397.0,48934.0,2020-08-12,ja
590,70781.0,31616.0,20640.0,42363.0,17806.0,93849.0,49698.0,2020-08-13,ja
591,79392.0,31936.0,22439.0,47508.0,18530.0,92787.0,52894.0,2020-08-14,ja
592,74321.0,32501.0,21729.0,44983.0,18882.0,90391.0,54137.0,2020-08-15,ja
593,75393.0,31080.0,20632.0,51674.0,18102.0,93115.0,51176.0,2020-08-16,ja
594,65823.0,26722.0,18695.0,42244.0,16309.0,79176.0,45107.0,2020-08-17,ja
595,61474.0,27332.0,17672.0,40645.0,18018.0,80317.0,44572.0,2020-08-18,ja
596,59548.0,26432.0,17501.0,37033.0,15489.0,77237.0,44243.0,2020-08-19,ja
597,56543.0,27932.0,18587.0,36590.0,17931.0,78316.0,44965.0,2020-08-20,ja
598,59284.0,27723.0,18045.0,38815.0,16289.0,76388.0,44626.0,2020-08-21,ja
599,68370.0,32118.0,20031.0,44099.0,16883.0,86212.0,49757.0,2020-08-22,ja
600,73907.0,32335.0,21661.0,48832.0,16841.0,88236.0,50598.0,2020-08-23,ja
601,61326.0,26204.0,17439.0,37383.0,14568.0,77832.0,43493.0,2020-08-24,ja
602,56661.0,28170.0,18671.0,37311.0,15351.0,78004.0,64798.0,2020-08-25,ja
603,57135.0,26163.0,17291.0,57682.0,16387.0,97228.0,50863.0,2020-08-26,ja
604,57431.0,26876.0,16621.0,77041.0,18908.0,98024.0,47365.0,2020-08-27,ja
605,53177.0,26766.0,16235.0,83679.0,15279.0,84878.0,45964.0,2020-08-28,ja
606,64280.0,32836.0,18729.0,73886.0,16625.0,97395.0,48622.0,2020-08-29,ja
607,65694.0,38178.0,18114.0,57337.0,21585.0,92433.0,49304.0,2020-08-30,ja
608,53204.0,27565.0,16553.0,43388.0,15562.0,79695.0,43712.0,2020-08-31,ja
609,61828.0,26614.0,16511.0,40103.0,14831.0,74364.0,40963.0,2020-09-01,ja
610,59313.0,28241.0,20684.0,41540.0,15668.0,75612.0,42428.0,2020-09-02,ja
611,59427.0,36754.0,20804.0,40926.0,15356.0,76159.0,42031.0,2020-09-03,ja
612,57598.0,40609.0,17291.0,38900.0,15547.0,75338.0,44650.0,2020-09-04,ja
613,70454.0,39998.0,21056.0,45689.0,16365.0,86822.0,45898.0,2020-09-05,ja
614,70092.0,48092.0,19479.0,75823.0,25592.0,90798.0,58280.0,2020-09-06,ja
615,60062.0,34295.0,17503.0,42940.0,15949.0,79863.0,46936.0,2020-09-07,ja
616,64393.0,32000.0,16188.0,40642.0,14235.0,82578.0,42940.0,2020-09-08,ja
617,59775.0,29829.0,15614.0,38889.0,14077.0,75834.0,41988.0,2020-09-09,ja
618,58978.0,30348.0,18530.0,38876.0,14240.0,72317.0,41875.0,2020-09-10,ja
619,75041.0,30879.0,17211.0,40251.0,15117.0,75078.0,44025.0,2020-09-11,ja
620,226557.0,38240.0,19307.0,48654.0,16198.0,90726.0,50255.0,2020-09-12,ja
621,97976.0,38173.0,19461.0,45438.0,16464.0,86773.0,51973.0,2020-09-13,ja
622,65649.0,32267.0,17034.0,35934.0,15187.0,75848.0,42973.0,2020-09-14,ja
623,56302.0,31791.0,16138.0,35779.0,15626.0,71944.0,40595.0,2020-09-15,ja
624,56329.0,31052.0,17452.0,34692.0,17895.0,77023.0,40934.0,2020-09-16,ja
625,62781.0,32967.0,16602.0,36803.0,16801.0,90994.0,38988.0,2020-09-17,ja
626,59194.0,36765.0,15983.0,35107.0,15521.0,80414.0,39254.0,2020-09-18,ja
627,65181.0,42013.0,18141.0,40326.0,15547.0,84867.0,44551.0,2020-09-19,ja
628,69579.0,44747.0,18891.0,40647.0,16424.0,87864.0,47067.0,2020-09-20,ja
629,72018.0,41718.0,20182.0,42051.0,16554.0,91740.0,48104.0,2020-09-21,ja
630,71641.0,39507.0,19189.0,40853.0,16291.0,91867.0,48872.0,2020-09-22,ja
631,58041.0,33089.0,16293.0,35574.0,14888.0,76731.0,41972.0,2020-09-23,ja
632,56672.0,44227.0,18100.0,34929.0,15557.0,78736.0,42533.0,2020-09-24,ja
633,61603.0,33833.0,17153.0,35957.0,15053.0,76576.0,41442.0,2020-09-25,ja
634,69852.0,38944.0,20177.0,44083.0,16958.0,90234.0,47494.0,2020-09-26,ja
635,66309.0,35256.0,19774.0,43041.0,16265.0,88498.0,49121.0,2020-09-27,ja
636,53968.0,28346.0,19370.0,33626.0,14495.0,85019.0,44093.0,2020-09-28,ja
637,51685.0,26282.0,17182.0,31916.0,13893.0,83447.0,40912.0,2020-09-29,ja
638,50308.0,26554.0,15535.0,29967.0,12900.0,78790.0,40668.0,2020-09-30,ja
639,70397.0,29113.0,26145.0,41448.0,14188.0,73189.0,38644.0,2020-10-01,ja
640,277116.0,32336.0,17210.0,33765.0,14510.0,76370.0,41325.0,2020-10-02,ja
641,105157.0,36992.0,19091.0,38260.0,15611.0,97037.0,51335.0,2020-10-03,ja
642,85361.0,39818.0,18999.0,42409.0,18612.0,92396.0,50306.0,2020-10-04,ja
643,60151.0,29409.0,16916.0,32784.0,14915.0,77571.0,43237.0,2020-10-05,ja
644,53336.0,27557.0,15419.0,30914.0,14808.0,75266.0,41888.0,2020-10-06,ja
645,55264.0,29569.0,16394.0,31796.0,15795.0,73943.0,42412.0,2020-10-07,ja
646,53854.0,30641.0,16398.0,31561.0,15336.0,74444.0,41913.0,2020-10-08,ja
647,55720.0,29051.0,16782.0,31300.0,14245.0,73541.0,42078.0,2020-10-09,ja
648,67629.0,37624.0,19470.0,37193.0,15696.0,90954.0,48455.0,2020-10-10,ja
649,69660.0,35380.0,18275.0,35786.0,15485.0,89689.0,50055.0,2020-10-11,ja
650,53436.0,28974.0,16888.0,32473.0,15173.0,79202.0,43353.0,2020-10-12,ja
651,55401.0,26922.0,16633.0,31215.0,14142.0,72838.0,40216.0,2020-10-13,ja
652,51478.0,25677.0,16233.0,30259.0,13546.0,75354.0,39252.0,2020-10-14,ja
653,51602.0,29113.0,16513.0,31657.0,14489.0,72880.0,39555.0,2020-10-15,ja
654,50110.0,26984.0,16055.0,38531.0,13784.0,70307.0,39830.0,2020-10-16,ja
655,59262.0,30950.0,18245.0,36881.0,15861.0,83139.0,45278.0,2020-10-17,ja
656,57449.0,30827.0,16939.0,36012.0,14421.0,80748.0,46677.0,2020-10-18,ja
657,51470.0,26095.0,15833.0,33961.0,14370.0,72404.0,43008.0,2020-10-19,ja
658,49567.0,26701.0,16131.0,32142.0,13877.0,70139.0,40818.0,2020-10-20,ja
659,49307.0,25205.0,16673.0,31458.0,13241.0,69542.0,39669.0,2020-10-21,ja
660,49162.0,24279.0,15444.0,31131.0,13914.0,68932.0,43594.0,2020-10-22,ja
661,148416.0,26035.0,16182.0,32659.0,13786.0,69559.0,50513.0,2020-10-23,ja
662,74472.0,28714.0,16770.0,32825.0,14241.0,77575.0,61466.0,2020-10-24,ja
663,69466.0,28554.0,17960.0,34334.0,15556.0,84118.0,62798.0,2020-10-25,ja
664,56668.0,24426.0,15702.0,31549.0,13339.0,71217.0,48159.0,2020-10-26,ja
665,54360.0,25398.0,15893.0,30561.0,13827.0,73410.0,46401.0,2020-10-27,ja
666,58703.0,24987.0,15061.0,30138.0,13593.0,81582.0,42199.0,2020-10-28,ja
667,59717.0,23092.0,14914.0,31437.0,13245.0,90562.0,40628.0,2020-10-29,ja
668,161229.0,21433.0,15475.0,33587.0,12773.0,83811.0,42503.0,2020-10-30,ja
669,86186.0,26279.0,16865.0,34095.0,13346.0,84651.0,46707.0,2020-10-31,ja
670,71754.0,30688.0,16315.0,33486.0,19207.0,88271.0,48374.0,2020-11-01,ja
671,64552.0,25179.0,16086.0,32849.0,14323.0,86766.0,46188.0,2020-11-02,ja
672,72564.0,26385.0,19772.0,34787.0,14633.0,91083.0,47965.0,2020-11-03,ja
673,53251.0,21695.0,14203.0,29363.0,13080.0,74497.0,39928.0,2020-11-04,ja
674,54797.0,22692.0,14592.0,29405.0,13180.0,75977.0,43679.0,2020-11-05,ja
675,184894.0,23395.0,15279.0,30976.0,14412.0,76420.0,42994.0,2020-11-06,ja
676,110946.0,28574.0,17778.0,36432.0,16379.0,89483.0,48899.0,2020-11-07,ja
677,89571.0,27132.0,18043.0,35772.0,15662.0,91152.0,52228.0,2020-11-08,ja
678,71675.0,24126.0,15754.0,32285.0,14147.0,75149.0,44720.0,2020-11-09,ja
679,66070.0,23505.0,15926.0,30729.0,13412.0,72921.0,42986.0,2020-11-10,ja
680,62248.0,24763.0,15423.0,29770.0,14663.0,71634.0,42164.0,2020-11-11,ja
681,63191.0,46837.0,15510.0,29597.0,14095.0,70472.0,41544.0,2020-11-12,ja
682,75435.0,45335.0,15561.0,33777.0,13502.0,72733.0,39905.0,2020-11-13,ja
683,78618.0,62534.0,17347.0,36347.0,14553.0,81491.0,45537.0,2020-11-14,ja
684,78762.0,62280.0,19741.0,36909.0,15527.0,87387.0,48038.0,2020-11-15,ja
685,67147.0,53167.0,17278.0,33057.0,13718.0,78653.0,42936.0,2020-11-16,ja
686,64839.0,48454.0,16756.0,32608.0,16310.0,76912.0,42293.0,2020-11-17,ja
687,61495.0,43806.0,16761.0,34249.0,14899.0,76369.0,42266.0,2020-11-18,ja
688,61278.0,39771.0,17254.0,40171.0,14204.0,77305.0,41868.0,2020-11-19,ja
689,73111.0,36731.0,24291.0,187854.0,16387.0,79053.0,42414.0,2020-11-20,ja
690,100243.0,45594.0,19665.0,72195.0,15497.0,91978.0,45551.0,2020-11-21,ja
691,79914.0,45548.0,19327.0,58186.0,16124.0,95693.0,50575.0,2020-11-22,ja
692,73491.0,39965.0,18620.0,51517.0,16194.0,95704.0,50750.0,2020-11-23,ja
693,60209.0,34214.0,16872.0,43741.0,15081.0,80686.0,45893.0,2020-11-24,ja
694,55248.0,31183.0,16159.0,38669.0,14350.0,77894.0,45805.0,2020-11-25,ja
695,56318.0,30952.0,15878.0,37207.0,13327.0,80507.0,42887.0,2020-11-26,ja
696,56680.0,46439.0,16847.0,41382.0,21055.0,74333.0,42983.0,2020-11-27,ja
697,66646.0,36258.0,18788.0,42496.0,15803.0,90443.0,62033.0,2020-11-28,ja
698,68112.0,35738.0,19752.0,43548.0,16091.0,88287.0,56987.0,2020-11-29,ja
699,57178.0,30519.0,16533.0,35945.0,15127.0,75294.0,45293.0,2020-11-30,ja
700,55159.0,25626.0,15036.0,33120.0,13450.0,70969.0,42609.0,2020-12-01,ja
701,56653.0,25725.0,16182.0,33786.0,13594.0,74974.0,46109.0,2020-12-02,ja
702,56905.0,24250.0,15579.0,32672.0,13612.0,76534.0,40337.0,2020-12-03,ja
703,52622.0,24921.0,16811.0,34441.0,13735.0,71057.0,38026.0,2020-12-04,ja
704,63240.0,31701.0,20259.0,41253.0,15892.0,83552.0,46988.0,2020-12-05,ja
705,66396.0,31797.0,19732.0,40381.0,15382.0,83837.0,48601.0,2020-12-06,ja
706,52772.0,26185.0,16431.0,35637.0,15181.0,74227.0,48122.0,2020-12-07,ja
707,57878.0,25569.0,16764.0,38285.0,15043.0,75298.0,43043.0,2020-12-08,ja
708,51527.0,25331.0,17247.0,37911.0,14857.0,77580.0,43477.0,2020-12-09,ja
709,48251.0,27929.0,18645.0,38786.0,15140.0,71762.0,43189.0,2020-12-10,ja
710,54062.0,27876.0,20691.0,38613.0,15665.0,81542.0,43711.0,2020-12-11,ja
711,58407.0,31590.0,19426.0,41141.0,16082.0,85508.0,50603.0,2020-12-12,ja
712,58215.0,29207.0,19276.0,41757.0,15890.0,83805.0,51607.0,2020-12-13,ja
713,48530.0,24916.0,16518.0,34569.0,15321.0,73457.0,44995.0,2020-12-14,ja
714,53145.0,24684.0,15728.0,32320.0,14131.0,76798.0,42139.0,2020-12-15,ja
715,47453.0,24906.0,16028.0,34626.0,13659.0,71167.0,41832.0,2020-12-16,ja
716,45975.0,23426.0,16246.0,36166.0,13984.0,73714.0,42544.0,2020-12-17,ja
717,47272.0,24388.0,15510.0,34545.0,13704.0,74380.0,40676.0,2020-12-18,ja
718,66133.0,30697.0,17756.0,38411.0,14878.0,81659.0,50903.0,2020-12-19,ja
719,51552.0,27143.0,16281.0,35548.0,14656.0,80350.0,51704.0,2020-12-20,ja
720,44719.0,22394.0,15393.0,31079.0,13514.0,68374.0,43994.0,2020-12-21,ja
721,47643.0,25679.0,16070.0,34089.0,13611.0,74075.0,42778.0,2020-12-22,ja
722,46142.0,26302.0,15699.0,34861.0,13825.0,73322.0,41337.0,2020-12-23,ja
723,44525.0,23858.0,17644.0,36502.0,14307.0,71264.0,47236.0,2020-12-24,ja
724,46239.0,25907.0,15814.0,44681.0,13567.0,72596.0,51882.0,2020-12-25,ja
725,50457.0,32332.0,16373.0,41595.0,14776.0,80353.0,49374.0,2020-12-26,ja
726,53703.0,28382.0,17452.0,43509.0,15794.0,85978.0,51169.0,2020-12-27,ja
727,54083.0,26745.0,16230.0,40191.0,16964.0,90284.0,46579.0,2020-12-28,ja
728,61024.0,29641.0,17598.0,43344.0,15997.0,94553.0,48568.0,2020-12-29,ja
729,60355.0,31262.0,17327.0,51688.0,16456.0,98389.0,50747.0,2020-12-30,ja
730,51210.0,27526.0,16361.0,39367.0,14049.0,91117.0,46938.0,2020-12-31,ja
