,single_player_video_game,co_op_mode,multiplayer_video_game,lang,dates
0,214530.0,16233.0,95376.0,it,2019-01-01
1,210599.0,17653.0,88817.0,it,2019-01-02
2,202957.0,18544.0,86526.0,it,2019-01-03
3,210314.0,16612.0,79935.0,it,2019-01-04
4,198007.0,16185.0,77623.0,it,2019-01-05
5,204294.0,17387.0,87714.0,it,2019-01-06
6,178283.0,13499.0,70452.0,it,2019-01-07
7,175957.0,13651.0,69941.0,it,2019-01-08
8,164479.0,12802.0,66693.0,it,2019-01-09
9,164593.0,12318.0,72355.0,it,2019-01-10
10,355017.0,12395.0,67968.0,it,2019-01-11
11,174071.0,12740.0,67410.0,it,2019-01-12
12,202642.0,15896.0,81510.0,it,2019-01-13
13,175672.0,21957.0,77029.0,it,2019-01-14
14,167320.0,13978.0,68759.0,it,2019-01-15
15,160656.0,12199.0,65688.0,it,2019-01-16
16,180856.0,13019.0,80747.0,it,2019-01-17
17,172143.0,12152.0,68792.0,it,2019-01-18
18,191230.0,18328.0,81144.0,it,2019-01-19
19,268450.0,15693.0,163109.0,it,2019-01-20
20,166420.0,13195.0,72855.0,it,2019-01-21
21,161640.0,11997.0,67720.0,it,2019-01-22
22,165164.0,12000.0,70168.0,it,2019-01-23
23,169654.0,11807.0,72985.0,it,2019-01-24
24,198480.0,11472.0,139495.0,it,2019-01-25
25,166948.0,12063.0,70200.0,it,2019-01-26
26,196772.0,13948.0,87497.0,it,2019-01-27
27,178554.0,13048.0,72513.0,it,2019-01-28
28,170762.0,12090.0,66468.0,it,2019-01-29
29,167191.0,12495.0,66516.0,it,2019-01-30
30,168215.0,11939.0,70920.0,it,2019-01-31
31,161909.0,12221.0,67771.0,it,2019-02-01
32,171620.0,12596.0,72205.0,it,2019-02-02
33,195040.0,14354.0,81110.0,it,2019-02-03
34,170593.0,13182.0,71507.0,it,2019-02-04
35,159328.0,14259.0,66788.0,it,2019-02-05
36,154175.0,12835.0,65073.0,it,2019-02-06
37,175811.0,12693.0,67754.0,it,2019-02-07
38,149479.0,11683.0,61188.0,it,2019-02-08
39,152038.0,12528.0,64244.0,it,2019-02-09
40,166991.0,12586.0,72195.0,it,2019-02-10
41,158363.0,12080.0,67207.0,it,2019-02-11
42,150003.0,11652.0,65851.0,it,2019-02-12
43,146927.0,11359.0,63597.0,it,2019-02-13
44,140437.0,10245.0,58639.0,it,2019-02-14
45,149445.0,10445.0,61734.0,it,2019-02-15
46,153779.0,11221.0,63441.0,it,2019-02-16
47,162319.0,11812.0,68432.0,it,2019-02-17
48,152881.0,11130.0,63955.0,it,2019-02-18
49,144802.0,10808.0,62194.0,it,2019-02-19
50,139516.0,10607.0,60114.0,it,2019-02-20
51,142254.0,10369.0,61933.0,it,2019-02-21
52,136524.0,10125.0,57455.0,it,2019-02-22
53,157078.0,12870.0,65222.0,it,2019-02-23
54,163787.0,12420.0,69594.0,it,2019-02-24
55,149569.0,11020.0,61335.0,it,2019-02-25
56,143972.0,11119.0,60478.0,it,2019-02-26
57,139808.0,10577.0,60755.0,it,2019-02-27
58,141229.0,13450.0,60326.0,it,2019-02-28
59,134590.0,11277.0,58091.0,it,2019-03-01
60,152268.0,16516.0,60926.0,it,2019-03-02
61,151828.0,11747.0,63750.0,it,2019-03-03
62,156222.0,11611.0,68099.0,it,2019-03-04
63,142050.0,10701.0,61044.0,it,2019-03-05
64,136827.0,10705.0,58326.0,it,2019-03-06
65,138035.0,10434.0,57286.0,it,2019-03-07
66,135660.0,9664.0,56307.0,it,2019-03-08
67,152336.0,10433.0,64595.0,it,2019-03-09
68,219219.0,12027.0,74216.0,it,2019-03-10
69,167191.0,10881.0,76343.0,it,2019-03-11
70,142445.0,10764.0,61988.0,it,2019-03-12
71,137737.0,11157.0,58826.0,it,2019-03-13
72,132046.0,10156.0,55763.0,it,2019-03-14
73,127946.0,9663.0,54169.0,it,2019-03-15
74,144312.0,10283.0,60839.0,it,2019-03-16
75,162040.0,11482.0,71003.0,it,2019-03-17
76,142210.0,10631.0,60406.0,it,2019-03-18
77,134965.0,9853.0,56158.0,it,2019-03-19
78,149669.0,10634.0,57818.0,it,2019-03-20
79,139936.0,9608.0,55857.0,it,2019-03-21
80,136088.0,9115.0,56008.0,it,2019-03-22
81,138346.0,9521.0,57422.0,it,2019-03-23
82,156135.0,10621.0,64960.0,it,2019-03-24
83,149361.0,10398.0,61031.0,it,2019-03-25
84,151367.0,10180.0,59968.0,it,2019-03-26
85,139589.0,10059.0,58194.0,it,2019-03-27
86,136609.0,10996.0,58297.0,it,2019-03-28
87,132293.0,10372.0,56251.0,it,2019-03-29
88,184279.0,10688.0,107960.0,it,2019-03-30
89,159898.0,10598.0,74966.0,it,2019-03-31
90,160657.0,9756.0,83724.0,it,2019-04-01
91,148641.0,11937.0,70418.0,it,2019-04-02
92,139643.0,10923.0,57994.0,it,2019-04-03
93,144844.0,10976.0,58143.0,it,2019-04-04
94,134674.0,10733.0,54045.0,it,2019-04-05
95,133591.0,10720.0,55553.0,it,2019-04-06
96,155975.0,12689.0,67019.0,it,2019-04-07
97,149535.0,11081.0,68723.0,it,2019-04-08
98,137257.0,9777.0,58967.0,it,2019-04-09
99,131356.0,9418.0,53758.0,it,2019-04-10
100,135863.0,9743.0,55849.0,it,2019-04-11
101,132779.0,9510.0,55806.0,it,2019-04-12
102,137361.0,9645.0,60166.0,it,2019-04-13
103,174230.0,10955.0,81634.0,it,2019-04-14
104,146274.0,9376.0,69380.0,it,2019-04-15
105,132785.0,8815.0,61890.0,it,2019-04-16
106,130030.0,9277.0,59883.0,it,2019-04-17
107,138137.0,9881.0,60072.0,it,2019-04-18
108,144014.0,10561.0,58293.0,it,2019-04-19
109,137407.0,9671.0,56461.0,it,2019-04-20
110,160278.0,11223.0,71849.0,it,2019-04-21
111,163169.0,11362.0,76214.0,it,2019-04-22
112,172288.0,12250.0,79714.0,it,2019-04-23
113,174129.0,12309.0,67264.0,it,2019-04-24
114,189941.0,12714.0,70164.0,it,2019-04-25
115,194729.0,13702.0,64989.0,it,2019-04-26
116,175648.0,11645.0,60581.0,it,2019-04-27
117,189956.0,13458.0,75625.0,it,2019-04-28
118,167384.0,11657.0,62799.0,it,2019-04-29
119,152196.0,10686.0,58624.0,it,2019-04-30
120,173204.0,12227.0,66084.0,it,2019-05-01
121,166635.0,11460.0,58660.0,it,2019-05-02
122,159762.0,12093.0,58323.0,it,2019-05-03
123,175934.0,12321.0,63786.0,it,2019-05-04
124,191547.0,19769.0,75908.0,it,2019-05-05
125,152704.0,10912.0,61851.0,it,2019-05-06
126,146193.0,9597.0,56590.0,it,2019-05-07
127,138829.0,9373.0,55297.0,it,2019-05-08
128,132039.0,9805.0,52901.0,it,2019-05-09
129,136248.0,10505.0,54223.0,it,2019-05-10
130,161542.0,17593.0,68204.0,it,2019-05-11
131,168610.0,12668.0,74463.0,it,2019-05-12
132,166753.0,10051.0,80675.0,it,2019-05-13
133,148242.0,9597.0,61144.0,it,2019-05-14
134,140242.0,9754.0,57228.0,it,2019-05-15
135,138493.0,11166.0,56267.0,it,2019-05-16
136,148868.0,9747.0,56225.0,it,2019-05-17
137,152067.0,10527.0,64531.0,it,2019-05-18
138,165603.0,11213.0,73000.0,it,2019-05-19
139,141911.0,9644.0,58068.0,it,2019-05-20
140,148788.0,9367.0,63976.0,it,2019-05-21
141,144207.0,9196.0,58631.0,it,2019-05-22
142,139489.0,9089.0,56307.0,it,2019-05-23
143,137296.0,9187.0,54812.0,it,2019-05-24
144,155913.0,10083.0,62119.0,it,2019-05-25
145,163710.0,10601.0,71581.0,it,2019-05-26
146,163295.0,11443.0,64641.0,it,2019-05-27
147,154315.0,12037.0,60967.0,it,2019-05-28
148,158977.0,12537.0,68418.0,it,2019-05-29
149,156417.0,12022.0,68086.0,it,2019-05-30
150,152360.0,10119.0,58991.0,it,2019-05-31
151,141094.0,9990.0,59689.0,it,2019-06-01
152,157190.0,10897.0,69297.0,it,2019-06-02
153,143824.0,9928.0,60778.0,it,2019-06-03
154,169827.0,10332.0,60698.0,it,2019-06-04
155,143101.0,11069.0,60168.0,it,2019-06-05
156,137101.0,12049.0,59641.0,it,2019-06-06
157,130475.0,11262.0,55315.0,it,2019-06-07
158,134426.0,10657.0,59489.0,it,2019-06-08
159,165941.0,12604.0,79556.0,it,2019-06-09
160,159863.0,13689.0,76266.0,it,2019-06-10
161,152831.0,13251.0,67417.0,it,2019-06-11
162,147638.0,12713.0,64069.0,it,2019-06-12
163,140494.0,12096.0,61621.0,it,2019-06-13
164,132683.0,11001.0,59731.0,it,2019-06-14
165,135540.0,10839.0,60433.0,it,2019-06-15
166,151463.0,11864.0,68242.0,it,2019-06-16
167,144520.0,11630.0,61328.0,it,2019-06-17
168,137433.0,10427.0,59381.0,it,2019-06-18
169,129456.0,9725.0,57416.0,it,2019-06-19
170,129191.0,9759.0,57105.0,it,2019-06-20
171,154799.0,9743.0,59109.0,it,2019-06-21
172,145424.0,10800.0,60698.0,it,2019-06-22
173,148732.0,10698.0,68047.0,it,2019-06-23
174,141131.0,10199.0,59266.0,it,2019-06-24
175,141574.0,9477.0,64310.0,it,2019-06-25
176,129061.0,9624.0,55281.0,it,2019-06-26
177,124700.0,9177.0,54431.0,it,2019-06-27
178,132406.0,9061.0,51221.0,it,2019-06-28
179,126296.0,8728.0,51067.0,it,2019-06-29
180,144779.0,9487.0,67510.0,it,2019-06-30
181,144869.0,9378.0,58647.0,it,2019-07-01
182,138152.0,9266.0,57353.0,it,2019-07-02
183,146876.0,9187.0,66790.0,it,2019-07-03
184,130771.0,8776.0,53945.0,it,2019-07-04
185,118574.0,8381.0,50167.0,it,2019-07-05
186,122289.0,8236.0,51771.0,it,2019-07-06
187,147646.0,9642.0,63021.0,it,2019-07-07
188,141178.0,9643.0,58411.0,it,2019-07-08
189,142486.0,10460.0,57973.0,it,2019-07-09
190,140719.0,9754.0,55835.0,it,2019-07-10
191,141482.0,10167.0,54980.0,it,2019-07-11
192,131324.0,9610.0,53854.0,it,2019-07-12
193,142905.0,9312.0,56177.0,it,2019-07-13
194,166272.0,10030.0,82602.0,it,2019-07-14
195,166047.0,10264.0,67693.0,it,2019-07-15
196,146137.0,10133.0,63320.0,it,2019-07-16
197,135613.0,10084.0,58399.0,it,2019-07-17
198,142830.0,9515.0,56573.0,it,2019-07-18
199,137795.0,10020.0,55670.0,it,2019-07-19
200,134376.0,9001.0,56554.0,it,2019-07-20
201,154000.0,10359.0,60407.0,it,2019-07-21
202,143614.0,10079.0,60387.0,it,2019-07-22
203,138154.0,9432.0,60997.0,it,2019-07-23
204,152490.0,9336.0,56087.0,it,2019-07-24
205,164529.0,9439.0,55255.0,it,2019-07-25
206,138521.0,9149.0,54301.0,it,2019-07-26
207,141799.0,10152.0,61099.0,it,2019-07-27
208,163479.0,12596.0,72743.0,it,2019-07-28
209,152318.0,14950.0,63691.0,it,2019-07-29
210,151171.0,14482.0,66518.0,it,2019-07-30
211,149412.0,12432.0,66018.0,it,2019-07-31
212,139757.0,11323.0,62572.0,it,2019-08-01
213,135855.0,10631.0,57934.0,it,2019-08-02
214,130362.0,10199.0,56772.0,it,2019-08-03
215,139207.0,10073.0,64646.0,it,2019-08-04
216,141803.0,10729.0,60556.0,it,2019-08-05
217,143484.0,10971.0,64795.0,it,2019-08-06
218,143080.0,10713.0,61770.0,it,2019-08-07
219,132721.0,9732.0,58106.0,it,2019-08-08
220,133573.0,10024.0,57680.0,it,2019-08-09
221,129096.0,9375.0,55821.0,it,2019-08-10
222,140517.0,10337.0,61197.0,it,2019-08-11
223,141444.0,10697.0,61787.0,it,2019-08-12
224,139558.0,10121.0,63075.0,it,2019-08-13
225,133730.0,9748.0,58205.0,it,2019-08-14
226,136516.0,9298.0,54624.0,it,2019-08-15
227,146833.0,10566.0,62288.0,it,2019-08-16
228,157194.0,9996.0,60807.0,it,2019-08-17
229,151070.0,11244.0,64790.0,it,2019-08-18
230,150459.0,11123.0,65341.0,it,2019-08-19
231,146365.0,10484.0,64303.0,it,2019-08-20
232,155145.0,10734.0,62877.0,it,2019-08-21
233,159552.0,10627.0,62391.0,it,2019-08-22
234,166418.0,11102.0,64283.0,it,2019-08-23
235,160028.0,10538.0,63734.0,it,2019-08-24
236,165484.0,10478.0,67671.0,it,2019-08-25
237,156323.0,10625.0,63108.0,it,2019-08-26
238,163379.0,10823.0,65165.0,it,2019-08-27
239,167844.0,11132.0,64775.0,it,2019-08-28
240,158689.0,10734.0,61852.0,it,2019-08-29
241,153572.0,10153.0,59681.0,it,2019-08-30
242,153733.0,10228.0,59435.0,it,2019-08-31
243,185213.0,12286.0,78871.0,it,2019-09-01
244,165537.0,11900.0,67669.0,it,2019-09-02
245,155726.0,10971.0,60540.0,it,2019-09-03
246,150912.0,11133.0,61589.0,it,2019-09-04
247,151053.0,11560.0,62162.0,it,2019-09-05
248,127218.0,9625.0,52894.0,it,2019-09-06
249,147971.0,11400.0,66633.0,it,2019-09-07
250,183433.0,12170.0,92358.0,it,2019-09-08
251,156808.0,11750.0,67124.0,it,2019-09-09
252,154025.0,11133.0,64945.0,it,2019-09-10
253,149943.0,11613.0,64558.0,it,2019-09-11
254,141986.0,11219.0,61333.0,it,2019-09-12
255,149773.0,13906.0,65642.0,it,2019-09-13
256,143432.0,12520.0,61800.0,it,2019-09-14
257,151867.0,12543.0,66537.0,it,2019-09-15
258,133659.0,11003.0,57133.0,it,2019-09-16
259,130551.0,10861.0,56349.0,it,2019-09-17
260,131084.0,10083.0,57801.0,it,2019-09-18
261,137529.0,10516.0,60209.0,it,2019-09-19
262,159488.0,10745.0,58848.0,it,2019-09-20
263,141170.0,9917.0,61285.0,it,2019-09-21
264,179867.0,11721.0,85954.0,it,2019-09-22
265,150299.0,10269.0,66815.0,it,2019-09-23
266,155998.0,11242.0,63458.0,it,2019-09-24
267,149854.0,10185.0,67648.0,it,2019-09-25
268,138044.0,10261.0,109525.0,it,2019-09-26
269,139458.0,10026.0,80294.0,it,2019-09-27
270,140409.0,9990.0,69521.0,it,2019-09-28
271,167666.0,10367.0,89327.0,it,2019-09-29
272,138282.0,9453.0,63849.0,it,2019-09-30
273,134596.0,8958.0,59131.0,it,2019-10-01
274,134376.0,9305.0,58554.0,it,2019-10-02
275,143517.0,9627.0,60082.0,it,2019-10-03
276,143971.0,9491.0,61027.0,it,2019-10-04
277,150648.0,10005.0,62715.0,it,2019-10-05
278,169625.0,10723.0,69957.0,it,2019-10-06
279,155310.0,9720.0,60619.0,it,2019-10-07
280,147604.0,9772.0,58905.0,it,2019-10-08
281,151341.0,9836.0,60221.0,it,2019-10-09
282,148474.0,9743.0,60054.0,it,2019-10-10
283,150867.0,9972.0,58309.0,it,2019-10-11
284,158918.0,10679.0,62611.0,it,2019-10-12
285,189653.0,15047.0,75469.0,it,2019-10-13
286,177935.0,20145.0,64389.0,it,2019-10-14
287,159084.0,15350.0,60877.0,it,2019-10-15
288,144517.0,12498.0,58145.0,it,2019-10-16
289,141837.0,11208.0,56925.0,it,2019-10-17
290,137881.0,10239.0,54563.0,it,2019-10-18
291,146437.0,10989.0,60115.0,it,2019-10-19
292,194181.0,38129.0,93633.0,it,2019-10-20
293,165519.0,15214.0,67456.0,it,2019-10-21
294,163802.0,12006.0,62066.0,it,2019-10-22
295,145307.0,10418.0,59464.0,it,2019-10-23
296,137797.0,10035.0,58100.0,it,2019-10-24
297,135336.0,10209.0,58180.0,it,2019-10-25
298,147904.0,10292.0,60597.0,it,2019-10-26
299,164611.0,11044.0,73935.0,it,2019-10-27
300,144620.0,10440.0,63112.0,it,2019-10-28
301,150555.0,11055.0,62821.0,it,2019-10-29
302,137132.0,10137.0,57922.0,it,2019-10-30
303,133785.0,9207.0,57719.0,it,2019-10-31
304,183856.0,12444.0,87812.0,it,2019-11-01
305,178723.0,12790.0,82458.0,it,2019-11-02
306,190808.0,12720.0,94209.0,it,2019-11-03
307,189062.0,10379.0,69149.0,it,2019-11-04
308,142715.0,10179.0,64894.0,it,2019-11-05
309,352746.0,9647.0,60819.0,it,2019-11-06
310,143099.0,9849.0,67744.0,it,2019-11-07
311,149202.0,10141.0,74094.0,it,2019-11-08
312,158740.0,10466.0,78438.0,it,2019-11-09
313,168392.0,10850.0,78436.0,it,2019-11-10
314,169647.0,9919.0,72986.0,it,2019-11-11
315,157364.0,10503.0,73175.0,it,2019-11-12
316,142208.0,9797.0,66717.0,it,2019-11-13
317,153898.0,10044.0,68439.0,it,2019-11-14
318,148873.0,9966.0,69328.0,it,2019-11-15
319,164558.0,10792.0,79028.0,it,2019-11-16
320,183839.0,12224.0,90590.0,it,2019-11-17
321,166885.0,9719.0,76101.0,it,2019-11-18
322,146423.0,9713.0,66902.0,it,2019-11-19
323,164116.0,9577.0,63509.0,it,2019-11-20
324,154233.0,10136.0,69065.0,it,2019-11-21
325,165442.0,9480.0,63020.0,it,2019-11-22
326,149928.0,10105.0,65209.0,it,2019-11-23
327,169768.0,11833.0,77211.0,it,2019-11-24
328,180534.0,10702.0,94690.0,it,2019-11-25
329,150561.0,12521.0,79826.0,it,2019-11-26
330,137550.0,9822.0,64575.0,it,2019-11-27
331,136248.0,10274.0,61637.0,it,2019-11-28
332,146073.0,10533.0,60916.0,it,2019-11-29
333,143221.0,10669.0,63491.0,it,2019-11-30
334,160351.0,11685.0,74224.0,it,2019-12-01
335,155338.0,10328.0,76162.0,it,2019-12-02
336,165844.0,11067.0,69106.0,it,2019-12-03
337,138335.0,10752.0,61455.0,it,2019-12-04
338,134688.0,10517.0,60263.0,it,2019-12-05
339,143532.0,9602.0,57522.0,it,2019-12-06
340,133808.0,9867.0,57142.0,it,2019-12-07
341,140484.0,10858.0,62624.0,it,2019-12-08
342,148975.0,10759.0,64237.0,it,2019-12-09
343,138680.0,10335.0,57849.0,it,2019-12-10
344,132060.0,10263.0,56513.0,it,2019-12-11
345,142590.0,15477.0,57209.0,it,2019-12-12
346,149812.0,11399.0,60597.0,it,2019-12-13
347,138190.0,10633.0,60539.0,it,2019-12-14
348,150789.0,11050.0,65774.0,it,2019-12-15
349,156362.0,9665.0,80361.0,it,2019-12-16
350,142325.0,10477.0,61653.0,it,2019-12-17
351,130044.0,9365.0,55384.0,it,2019-12-18
352,132324.0,9782.0,54907.0,it,2019-12-19
353,160498.0,10493.0,78949.0,it,2019-12-20
354,152384.0,10760.0,63582.0,it,2019-12-21
355,169503.0,11393.0,64669.0,it,2019-12-22
356,169446.0,10886.0,61818.0,it,2019-12-23
357,147616.0,10195.0,62582.0,it,2019-12-24
358,154491.0,10940.0,68111.0,it,2019-12-25
359,179544.0,12343.0,77601.0,it,2019-12-26
360,180095.0,15061.0,83433.0,it,2019-12-27
361,175300.0,12230.0,79942.0,it,2019-12-28
362,183438.0,12334.0,80194.0,it,2019-12-29
363,169844.0,11819.0,73667.0,it,2019-12-30
364,158691.0,9919.0,66757.0,it,2019-12-31
365,172619.0,12257.0,76612.0,it,2020-01-01
366,188840.0,12837.0,82913.0,it,2020-01-02
367,181160.0,12405.0,79223.0,it,2020-01-03
368,180009.0,11916.0,84091.0,it,2020-01-04
369,184108.0,12495.0,86870.0,it,2020-01-05
370,176760.0,11679.0,77736.0,it,2020-01-06
371,153038.0,10792.0,65827.0,it,2020-01-07
372,152345.0,9789.0,74241.0,it,2020-01-08
373,153030.0,9919.0,68881.0,it,2020-01-09
374,143986.0,10028.0,63564.0,it,2020-01-10
375,143184.0,10352.0,61798.0,it,2020-01-11
376,170879.0,11356.0,72226.0,it,2020-01-12
377,172064.0,10781.0,84612.0,it,2020-01-13
378,145407.0,9890.0,60990.0,it,2020-01-14
379,137305.0,10781.0,58068.0,it,2020-01-15
380,157904.0,10100.0,68214.0,it,2020-01-16
381,141930.0,9529.0,59796.0,it,2020-01-17
382,150258.0,10287.0,61812.0,it,2020-01-18
383,166115.0,10981.0,69206.0,it,2020-01-19
384,152241.0,9838.0,69734.0,it,2020-01-20
385,141278.0,9995.0,60879.0,it,2020-01-21
386,137996.0,9532.0,57508.0,it,2020-01-22
387,145256.0,9553.0,60919.0,it,2020-01-23
388,139131.0,9475.0,58277.0,it,2020-01-24
389,146130.0,10252.0,61459.0,it,2020-01-25
390,149292.0,9820.0,63288.0,it,2020-01-26
391,134502.0,9518.0,60738.0,it,2020-01-27
392,143726.0,9961.0,60383.0,it,2020-01-28
393,141410.0,9946.0,59926.0,it,2020-01-29
394,142051.0,9694.0,63452.0,it,2020-01-30
395,137169.0,10019.0,59330.0,it,2020-01-31
396,140386.0,9884.0,60062.0,it,2020-02-01
397,149442.0,10473.0,66157.0,it,2020-02-02
398,148677.0,9404.0,61277.0,it,2020-02-03
399,138410.0,9105.0,60031.0,it,2020-02-04
400,139075.0,9742.0,60677.0,it,2020-02-05
401,128710.0,8566.0,58020.0,it,2020-02-06
402,124415.0,8396.0,54572.0,it,2020-02-07
403,132061.0,8854.0,59801.0,it,2020-02-08
404,144676.0,9839.0,66655.0,it,2020-02-09
405,139287.0,9566.0,60938.0,it,2020-02-10
406,132205.0,9118.0,57071.0,it,2020-02-11
407,130330.0,8780.0,56173.0,it,2020-02-12
408,127328.0,8722.0,53595.0,it,2020-02-13
409,125301.0,8450.0,51174.0,it,2020-02-14
410,135889.0,9309.0,57661.0,it,2020-02-15
411,158011.0,10742.0,69000.0,it,2020-02-16
412,136839.0,9208.0,58356.0,it,2020-02-17
413,132879.0,9275.0,55712.0,it,2020-02-18
414,129097.0,9103.0,54910.0,it,2020-02-19
415,126277.0,8977.0,52565.0,it,2020-02-20
416,120353.0,8895.0,50902.0,it,2020-02-21
417,130576.0,11139.0,58067.0,it,2020-02-22
418,148021.0,11506.0,64477.0,it,2020-02-23
419,133306.0,10860.0,58530.0,it,2020-02-24
420,134134.0,10477.0,57797.0,it,2020-02-25
421,139080.0,10894.0,58045.0,it,2020-02-26
422,138738.0,11469.0,58857.0,it,2020-02-27
423,139460.0,11680.0,60232.0,it,2020-02-28
424,156771.0,11243.0,74120.0,it,2020-02-29
425,168685.0,13140.0,73147.0,it,2020-03-01
426,166188.0,11934.0,65379.0,it,2020-03-02
427,156195.0,11113.0,63407.0,it,2020-03-03
428,142580.0,10481.0,59511.0,it,2020-03-04
429,150734.0,11763.0,65268.0,it,2020-03-05
430,154768.0,11909.0,68426.0,it,2020-03-06
431,166389.0,11820.0,78546.0,it,2020-03-07
432,155505.0,12473.0,71961.0,it,2020-03-08
433,156658.0,12640.0,71852.0,it,2020-03-09
434,158237.0,13464.0,74976.0,it,2020-03-10
435,163552.0,14652.0,79705.0,it,2020-03-11
436,172471.0,15244.0,82594.0,it,2020-03-12
437,192982.0,17136.0,93105.0,it,2020-03-13
438,231182.0,20422.0,111463.0,it,2020-03-14
439,239163.0,20880.0,111585.0,it,2020-03-15
440,224231.0,21792.0,99666.0,it,2020-03-16
441,233292.0,20052.0,99869.0,it,2020-03-17
442,230030.0,19840.0,103818.0,it,2020-03-18
443,218991.0,18898.0,99629.0,it,2020-03-19
444,221758.0,19590.0,102394.0,it,2020-03-20
445,237664.0,21499.0,110594.0,it,2020-03-21
446,271825.0,28604.0,127286.0,it,2020-03-22
447,265420.0,23357.0,113035.0,it,2020-03-23
448,305130.0,40274.0,127004.0,it,2020-03-24
449,266492.0,24601.0,115238.0,it,2020-03-25
450,250452.0,21486.0,111127.0,it,2020-03-26
451,253224.0,20964.0,116706.0,it,2020-03-27
452,263006.0,21473.0,117244.0,it,2020-03-28
453,287484.0,23052.0,129138.0,it,2020-03-29
454,288255.0,22519.0,114739.0,it,2020-03-30
455,327095.0,21742.0,139317.0,it,2020-03-31
456,267042.0,21027.0,118567.0,it,2020-04-01
457,303292.0,20806.0,117864.0,it,2020-04-02
458,247716.0,19980.0,106839.0,it,2020-04-03
459,261707.0,21119.0,112641.0,it,2020-04-04
460,284956.0,23155.0,123538.0,it,2020-04-05
461,354676.0,20447.0,110387.0,it,2020-04-06
462,371286.0,22433.0,109419.0,it,2020-04-07
463,273705.0,21860.0,109268.0,it,2020-04-08
464,270423.0,22962.0,117595.0,it,2020-04-09
465,247001.0,20585.0,103522.0,it,2020-04-10
466,258047.0,21601.0,113292.0,it,2020-04-11
467,294397.0,23802.0,121050.0,it,2020-04-12
468,300767.0,24944.0,127072.0,it,2020-04-13
469,274478.0,22922.0,116916.0,it,2020-04-14
470,259887.0,21831.0,111103.0,it,2020-04-15
471,321448.0,21639.0,165847.0,it,2020-04-16
472,268046.0,22002.0,118352.0,it,2020-04-17
473,268635.0,21921.0,114423.0,it,2020-04-18
474,287641.0,23931.0,121541.0,it,2020-04-19
475,262443.0,23303.0,112021.0,it,2020-04-20
476,252446.0,21153.0,108645.0,it,2020-04-21
477,242983.0,21356.0,106335.0,it,2020-04-22
478,240600.0,19965.0,108009.0,it,2020-04-23
479,232480.0,20617.0,99880.0,it,2020-04-24
480,249901.0,21286.0,109212.0,it,2020-04-25
481,272155.0,20867.0,111525.0,it,2020-04-26
482,230153.0,19114.0,98151.0,it,2020-04-27
483,235812.0,19388.0,101616.0,it,2020-04-28
484,237140.0,18818.0,100717.0,it,2020-04-29
485,258048.0,19494.0,110539.0,it,2020-04-30
486,283442.0,22904.0,119670.0,it,2020-05-01
487,263102.0,20655.0,110366.0,it,2020-05-02
488,258105.0,21092.0,110329.0,it,2020-05-03
489,280785.0,22110.0,111910.0,it,2020-05-04
490,331518.0,25847.0,131622.0,it,2020-05-05
491,312820.0,23342.0,121987.0,it,2020-05-06
492,308777.0,23387.0,122699.0,it,2020-05-07
493,318416.0,24288.0,122448.0,it,2020-05-08
494,297980.0,23410.0,117611.0,it,2020-05-09
495,332275.0,25029.0,129516.0,it,2020-05-10
496,343825.0,25158.0,130163.0,it,2020-05-11
497,344154.0,24709.0,132661.0,it,2020-05-12
498,336505.0,25091.0,133732.0,it,2020-05-13
499,275862.0,20441.0,114962.0,it,2020-05-14
500,342596.0,25313.0,142808.0,it,2020-05-15
501,347603.0,24137.0,135740.0,it,2020-05-16
502,293354.0,22464.0,123509.0,it,2020-05-17
503,309889.0,23007.0,125886.0,it,2020-05-18
504,289688.0,21777.0,118000.0,it,2020-05-19
505,300138.0,22002.0,123684.0,it,2020-05-20
506,350431.0,27669.0,148914.0,it,2020-05-21
507,350403.0,24795.0,129426.0,it,2020-05-22
508,291539.0,22526.0,120385.0,it,2020-05-23
509,296597.0,22587.0,122698.0,it,2020-05-24
510,300746.0,22332.0,123502.0,it,2020-05-25
511,325837.0,23021.0,127188.0,it,2020-05-26
512,318141.0,22273.0,127827.0,it,2020-05-27
513,261826.0,22409.0,110313.0,it,2020-05-28
514,280576.0,23298.0,117064.0,it,2020-05-29
515,287715.0,22274.0,116081.0,it,2020-05-30
516,275676.0,21745.0,114014.0,it,2020-05-31
517,302996.0,23673.0,123721.0,it,2020-06-01
518,338368.0,24511.0,137010.0,it,2020-06-02
519,287739.0,22508.0,115404.0,it,2020-06-03
520,313566.0,24378.0,123849.0,it,2020-06-04
521,281150.0,21890.0,111531.0,it,2020-06-05
522,293454.0,22517.0,113727.0,it,2020-06-06
523,330294.0,24169.0,128543.0,it,2020-06-07
524,254228.0,19478.0,103349.0,it,2020-06-08
525,299730.0,21470.0,130788.0,it,2020-06-09
526,270858.0,20214.0,109604.0,it,2020-06-10
527,256040.0,20109.0,105784.0,it,2020-06-11
528,259665.0,19841.0,107035.0,it,2020-06-12
529,268716.0,20719.0,109249.0,it,2020-06-13
530,288681.0,21404.0,120607.0,it,2020-06-14
531,252828.0,19256.0,105285.0,it,2020-06-15
532,247814.0,19461.0,101375.0,it,2020-06-16
533,263792.0,19617.0,104223.0,it,2020-06-17
534,264406.0,19998.0,107776.0,it,2020-06-18
535,261915.0,18889.0,110879.0,it,2020-06-19
536,261773.0,19651.0,109450.0,it,2020-06-20
537,263607.0,20371.0,109786.0,it,2020-06-21
538,287586.0,22000.0,112060.0,it,2020-06-22
539,250235.0,19817.0,99533.0,it,2020-06-23
540,235007.0,19428.0,95942.0,it,2020-06-24
541,259321.0,19107.0,101865.0,it,2020-06-25
542,227330.0,17583.0,93929.0,it,2020-06-26
543,224811.0,16826.0,90290.0,it,2020-06-27
544,236539.0,17148.0,90250.0,it,2020-06-28
545,261151.0,19365.0,99230.0,it,2020-06-29
546,235948.0,17274.0,92020.0,it,2020-06-30
547,240990.0,17559.0,93148.0,it,2020-07-01
548,240848.0,17647.0,93500.0,it,2020-07-02
549,229128.0,16919.0,90123.0,it,2020-07-03
550,253557.0,18484.0,99171.0,it,2020-07-04
551,259188.0,18139.0,101710.0,it,2020-07-05
552,250243.0,17901.0,95397.0,it,2020-07-06
553,238684.0,17881.0,92576.0,it,2020-07-07
554,233842.0,17624.0,90564.0,it,2020-07-08
555,237520.0,17347.0,90855.0,it,2020-07-09
556,244903.0,17344.0,93805.0,it,2020-07-10
557,243117.0,17628.0,95858.0,it,2020-07-11
558,254234.0,18740.0,105313.0,it,2020-07-12
559,264091.0,18538.0,105046.0,it,2020-07-13
560,261782.0,18472.0,102022.0,it,2020-07-14
561,232303.0,17387.0,95872.0,it,2020-07-15
562,273276.0,19558.0,106805.0,it,2020-07-16
563,240531.0,17128.0,101393.0,it,2020-07-17
564,220858.0,15584.0,93300.0,it,2020-07-18
565,284092.0,18916.0,120178.0,it,2020-07-19
566,254222.0,17581.0,106355.0,it,2020-07-20
567,241969.0,17468.0,98564.0,it,2020-07-21
568,259800.0,18281.0,100016.0,it,2020-07-22
569,244933.0,18018.0,98202.0,it,2020-07-23
570,249405.0,18653.0,100732.0,it,2020-07-24
571,235433.0,17155.0,94411.0,it,2020-07-25
572,232204.0,16776.0,96594.0,it,2020-07-26
573,240478.0,17468.0,95824.0,it,2020-07-27
574,227567.0,16591.0,89942.0,it,2020-07-28
575,218799.0,16136.0,86443.0,it,2020-07-29
576,238852.0,17838.0,93946.0,it,2020-07-30
577,227863.0,16867.0,91684.0,it,2020-07-31
578,241342.0,17104.0,91550.0,it,2020-08-01
579,250127.0,17923.0,100492.0,it,2020-08-02
580,255454.0,18554.0,99397.0,it,2020-08-03
581,257720.0,18753.0,99932.0,it,2020-08-04
582,236134.0,16844.0,93850.0,it,2020-08-05
583,232513.0,17282.0,89973.0,it,2020-08-06
584,182700.0,14097.0,73982.0,it,2020-08-07
585,222146.0,16991.0,90065.0,it,2020-08-08
586,249388.0,17833.0,104765.0,it,2020-08-09
587,270745.0,19662.0,108745.0,it,2020-08-10
588,240747.0,17981.0,98346.0,it,2020-08-11
589,219526.0,16293.0,89543.0,it,2020-08-12
590,297465.0,21409.0,121827.0,it,2020-08-13
591,283492.0,22185.0,117525.0,it,2020-08-14
592,279874.0,20904.0,114420.0,it,2020-08-15
593,285054.0,20124.0,121253.0,it,2020-08-16
594,251817.0,18448.0,104566.0,it,2020-08-17
595,270281.0,20335.0,114176.0,it,2020-08-18
596,249756.0,18647.0,107346.0,it,2020-08-19
597,232619.0,20239.0,95110.0,it,2020-08-20
598,265995.0,19508.0,105237.0,it,2020-08-21
599,261531.0,20515.0,110396.0,it,2020-08-22
600,309050.0,21998.0,126439.0,it,2020-08-23
601,269309.0,20478.0,111170.0,it,2020-08-24
602,250711.0,19058.0,104684.0,it,2020-08-25
603,248380.0,19607.0,106330.0,it,2020-08-26
604,274539.0,21240.0,114303.0,it,2020-08-27
605,307926.0,22451.0,126619.0,it,2020-08-28
606,279910.0,20655.0,117168.0,it,2020-08-29
607,297659.0,22664.0,125438.0,it,2020-08-30
608,302376.0,23361.0,126839.0,it,2020-08-31
609,271687.0,21573.0,112471.0,it,2020-09-01
610,279801.0,21423.0,113847.0,it,2020-09-02
611,299742.0,22219.0,119403.0,it,2020-09-03
612,265006.0,20063.0,106289.0,it,2020-09-04
613,271866.0,20050.0,110374.0,it,2020-09-05
614,245455.0,18286.0,105411.0,it,2020-09-06
615,244645.0,18561.0,102034.0,it,2020-09-07
616,286318.0,20928.0,117034.0,it,2020-09-08
617,306877.0,22224.0,123735.0,it,2020-09-09
618,243834.0,19092.0,100749.0,it,2020-09-10
619,306366.0,22625.0,124535.0,it,2020-09-11
620,252756.0,18892.0,103862.0,it,2020-09-12
621,265743.0,21244.0,115905.0,it,2020-09-13
622,256866.0,22813.0,109952.0,it,2020-09-14
623,241138.0,22054.0,99941.0,it,2020-09-15
624,267423.0,24683.0,112907.0,it,2020-09-16
625,281096.0,25097.0,117761.0,it,2020-09-17
626,270081.0,24999.0,115165.0,it,2020-09-18
627,270513.0,24491.0,111521.0,it,2020-09-19
628,297293.0,27338.0,126492.0,it,2020-09-20
629,267051.0,26505.0,116524.0,it,2020-09-21
630,270575.0,25766.0,113833.0,it,2020-09-22
631,313151.0,27789.0,130285.0,it,2020-09-23
632,250006.0,22351.0,104870.0,it,2020-09-24
633,279662.0,24047.0,117563.0,it,2020-09-25
634,294905.0,24625.0,121554.0,it,2020-09-26
635,303792.0,24314.0,132116.0,it,2020-09-27
636,273177.0,24244.0,118271.0,it,2020-09-28
637,241428.0,22117.0,105402.0,it,2020-09-29
638,317075.0,26013.0,132960.0,it,2020-09-30
639,287687.0,24402.0,121784.0,it,2020-10-01
640,239510.0,21144.0,102556.0,it,2020-10-02
641,284768.0,23098.0,111308.0,it,2020-10-03
642,266092.0,23459.0,109948.0,it,2020-10-04
643,251112.0,22769.0,106017.0,it,2020-10-05
644,245062.0,21522.0,103911.0,it,2020-10-06
645,292863.0,24785.0,125200.0,it,2020-10-07
646,304948.0,22665.0,123258.0,it,2020-10-08
647,309080.0,24497.0,130203.0,it,2020-10-09
648,285105.0,24611.0,123648.0,it,2020-10-10
649,289005.0,23734.0,129218.0,it,2020-10-11
650,268622.0,22016.0,114423.0,it,2020-10-12
651,288298.0,23475.0,120405.0,it,2020-10-13
652,283430.0,22823.0,119020.0,it,2020-10-14
653,284733.0,23065.0,121202.0,it,2020-10-15
654,286702.0,22813.0,120112.0,it,2020-10-16
655,199982.0,15260.0,80329.0,it,2020-10-17
656,158567.0,13193.0,73213.0,it,2020-10-18
657,245147.0,19732.0,107422.0,it,2020-10-19
658,305488.0,24031.0,128215.0,it,2020-10-20
659,263581.0,21870.0,110144.0,it,2020-10-21
660,285791.0,22619.0,120557.0,it,2020-10-22
661,312460.0,24439.0,129547.0,it,2020-10-23
662,327735.0,25882.0,142985.0,it,2020-10-24
663,305776.0,25178.0,132500.0,it,2020-10-25
664,273151.0,22454.0,116194.0,it,2020-10-26
665,246084.0,20353.0,104124.0,it,2020-10-27
666,253043.0,21034.0,108679.0,it,2020-10-28
667,267041.0,20698.0,110132.0,it,2020-10-29
668,261610.0,21185.0,109091.0,it,2020-10-30
669,239602.0,19762.0,103175.0,it,2020-10-31
670,279136.0,22379.0,114869.0,it,2020-11-01
671,307511.0,22930.0,141568.0,it,2020-11-02
672,262265.0,21290.0,111874.0,it,2020-11-03
673,253934.0,20129.0,104252.0,it,2020-11-04
674,270372.0,24980.0,114059.0,it,2020-11-05
675,271899.0,22040.0,114243.0,it,2020-11-06
676,282717.0,23410.0,118174.0,it,2020-11-07
677,280814.0,25056.0,120012.0,it,2020-11-08
678,252130.0,21074.0,107240.0,it,2020-11-09
679,249406.0,20434.0,105998.0,it,2020-11-10
680,276333.0,22883.0,117669.0,it,2020-11-11
681,354208.0,29160.0,142170.0,it,2020-11-12
682,331094.0,27902.0,145011.0,it,2020-11-13
683,397021.0,32643.0,173788.0,it,2020-11-14
684,403438.0,35839.0,180038.0,it,2020-11-15
685,382318.0,31578.0,163971.0,it,2020-11-16
686,333702.0,27901.0,141628.0,it,2020-11-17
687,309794.0,26375.0,133828.0,it,2020-11-18
688,278924.0,23329.0,117725.0,it,2020-11-19
689,320595.0,26954.0,134169.0,it,2020-11-20
690,301390.0,25952.0,127038.0,it,2020-11-21
691,324353.0,26736.0,136870.0,it,2020-11-22
692,356057.0,29309.0,141196.0,it,2020-11-23
693,292216.0,24379.0,122124.0,it,2020-11-24
694,274641.0,22333.0,111363.0,it,2020-11-25
695,290211.0,23845.0,116467.0,it,2020-11-26
696,320484.0,26028.0,149713.0,it,2020-11-27
697,324785.0,27870.0,138351.0,it,2020-11-28
698,342440.0,59491.0,163502.0,it,2020-11-29
699,286579.0,28712.0,123313.0,it,2020-11-30
700,255063.0,22778.0,109313.0,it,2020-12-01
701,272845.0,23000.0,112289.0,it,2020-12-02
702,272211.0,27235.0,115514.0,it,2020-12-03
703,260537.0,22437.0,108531.0,it,2020-12-04
704,279932.0,22892.0,116592.0,it,2020-12-05
705,302535.0,24180.0,128039.0,it,2020-12-06
706,289860.0,23135.0,122057.0,it,2020-12-07
707,290567.0,23546.0,124200.0,it,2020-12-08
708,317985.0,22324.0,123316.0,it,2020-12-09
709,306388.0,22370.0,131756.0,it,2020-12-10
710,302005.0,24835.0,129039.0,it,2020-12-11
711,271133.0,21283.0,119548.0,it,2020-12-12
712,336339.0,23358.0,129376.0,it,2020-12-13
713,293298.0,21151.0,120837.0,it,2020-12-14
714,252282.0,20466.0,107755.0,it,2020-12-15
715,256700.0,21412.0,109917.0,it,2020-12-16
716,272570.0,22754.0,117259.0,it,2020-12-17
717,277462.0,21676.0,116763.0,it,2020-12-18
718,255346.0,21067.0,109902.0,it,2020-12-19
719,289170.0,22145.0,115051.0,it,2020-12-20
720,277085.0,22177.0,115819.0,it,2020-12-21
721,290634.0,20931.0,112333.0,it,2020-12-22
722,292397.0,22291.0,109134.0,it,2020-12-23
723,290538.0,24667.0,116128.0,it,2020-12-24
724,287378.0,24932.0,121310.0,it,2020-12-25
725,347779.0,26107.0,133621.0,it,2020-12-26
726,330825.0,27220.0,135169.0,it,2020-12-27
727,328445.0,25013.0,126839.0,it,2020-12-28
728,311738.0,25150.0,124136.0,it,2020-12-29
729,304440.0,24096.0,119420.0,it,2020-12-30
730,289285.0,20604.0,122817.0,it,2020-12-31
